,x,y
0,0.31654813865811154,-0.9008134526077836
1,-1.1014541952058523,0.5264503476478237
2,-1.001595491841885,0.5296386794224868
3,-0.6062318231822672,0.4092245029611747
4,-0.6286888481770425,-0.18601289761550574
5,0.4658114288397569,-0.8312110258820992
6,0.5104230630829475,1.5738301167638615
7,1.0845125626405543,-1.8335149651362423
8,-0.26211965835443884,0.13506558632857754
9,-0.3215724212233807,0.6673797931651199
10,-1.5173557361539238,0.333496596400564
11,0.3659427895673357,-0.3971707267783191
12,1.2001950267020565,-1.2116289962402649
13,-0.5486580016565669,-1.1219294092787782
14,0.13315487542481985,0.9390551858900316
15,0.015420756083824018,-0.10385286207653367
16,1.9789997343135235,-0.7505621394848858
17,-0.9713969279297924,0.8637125205862908
18,-0.2058836135980937,0.4263460861712995
19,-0.5276097029998077,-0.6948261935609851
20,0.6943172171637683,-0.3472273267373778
21,-0.25603621228029505,-0.7908374079420096
22,1.2150427070920244,0.6098039127527844
23,0.2609236753642474,-0.20816413826674499
24,0.07663792889147877,1.2332570540398151
25,1.938235193576505,-1.273676274902928
26,0.5151266084212186,-0.7699860863722076
27,-0.8163892567294834,0.05721098127986634
28,-1.1532041484923712,0.07570930066045609
29,1.0524122257154973,-0.8689379060106459
30,0.4689242172183489,0.7614844384684227
31,1.1901199397669229,1.174789667588972
32,0.9841924954635316,0.4312832785940641
33,-0.5352938136400555,0.8052589807397258
34,0.6523302332451162,1.7539742813195356
35,-1.2770878335880744,-1.6716380586332895
36,-0.15961671986504242,-0.7783727874593467
37,0.6304168795498325,-0.7905674959487972
38,-1.1024004307878494,0.5872039494778467
39,0.8950212916388671,0.22318753218911533
40,0.7106422356655651,0.8936997993991442
41,0.038704925946202506,0.8587638656430604
42,-1.3777312555725127,-0.4288261027461133
43,-0.8225680561622493,-0.027556953751032957
44,-1.7928332840101866,-0.8614240769414984
45,-0.14106198977015375,1.7163843057378845
46,1.5501103307592328,-0.3942186443902223
47,-0.5781954113622718,-0.2240987199025858
48,0.5729590146008504,1.909085621538636
49,-1.2769125827918808,-1.2529759795663065
50,1.1290365747239102,0.3945467238120351
51,1.1798160814407064,0.03248232633043936
52,-1.3137671571244407,0.5554487052991339
53,0.32020159123565023,0.6451024215011769
54,0.3301389714564835,0.042982129064237234
55,0.9066790192232332,-0.11226614172264583
56,-0.5277482617599673,-0.982162271764394
57,0.3822588678921946,0.5771782798347098
58,0.6783143669824533,-0.2314366540891911
59,-1.0306631423758998,-1.1321812217273808
60,1.0453137115516098,0.2587463453222984
61,0.05900893004335895,0.3960006653067118
62,-0.6569367548555036,-0.18993621952041675
63,-1.048189464154886,-0.3697788337888821
64,0.03301786119707752,0.2918819171208442
65,-0.8866490057990969,1.944437979990644
66,0.802332240334323,-0.35760394692102043
67,1.3340521210338718,-0.2978237888785525
68,0.5027328446107445,-0.5807132081755055
69,0.5653087668512683,-1.2478306550632483
70,-0.5306099683574517,-1.1948348577622006
71,-1.2505418500798091,-0.19933560446514725
72,-0.8691189454295988,-0.2804443147027027
73,1.8133005273545424,2.0582089050108223
74,0.5444937207817652,-0.4849510869697402
75,1.590868569674671,0.12269542162901732
76,-0.3637096701821508,0.8270378633516635
77,-0.11199950766009087,2.4444176985297585
78,-0.6974052273546851,0.08763351606979003
79,-0.4937769388793707,0.32389984770032354
80,-0.41729427201400493,-1.1724528346711798
81,-0.3551379673126625,-0.023632278899260728
82,0.4649517917221656,-0.5959356268046162
83,-1.6935838185001528,1.563564902374998
84,0.6669986988799708,0.1100734655728602
85,-0.5141289867666905,-1.6678727342036317
86,-0.216821893302318,-0.04210613682736223
87,1.5849369847137371,0.1763435390236404
88,0.8298631260798037,-0.6937653661391956
89,0.2086917818664936,-0.8794433686766587
90,0.049086278944734066,0.3496575029829963
91,0.7843892550044601,1.5849401126255662
92,-0.8332278511414862,-0.2261912952514133
93,0.3020864267899127,-0.012847175217321255
94,0.057988602068862874,-0.2899719459064041
95,1.9479089786238912,0.6378512477478766
96,-0.48596139699811,-1.3369624505064728
97,-0.6592244197393202,-0.3551328002478074
98,-0.31354180730647346,1.163207550852308
99,1.0508491263876607,0.5808759770257395
100,1.9416377392494448,-2.104835676853573
101,0.37157342092933787,-0.43390473506811605
102,-0.26362659817136785,0.402403464712056
103,0.7401115585596871,1.5210189997914911
104,0.8887267010348548,-0.016646977665412444
105,-0.9969426117105286,0.2686877664319098
106,-1.2663768170711749,0.05810526732870875
107,0.4176377441407045,-0.24344895803043395
108,1.7476731755599282,0.5681471589140183
109,1.246180834335481,-1.0909367065255178
110,-1.9206231321190432,-1.5817135273161322
111,-0.5491361765906462,0.9993875174835988
112,-1.174442877660577,0.4860690176753706
113,-0.373417111090765,1.0409577441515765
114,0.11084147067644834,0.15651721221192816
115,0.8737774797832177,-0.245201481607566
116,-1.6848576371702624,1.4056972595182051
117,0.5107032043249478,3.3898554747001546
118,-1.4581612882064812,0.9602812126040432
119,0.12776280362658635,0.4615177400993894
120,0.20144435770943608,0.12601712006272647
121,1.0940156261375071,0.1754349631915418
122,-0.3835747422491827,1.222406980688182
123,0.2608753987753396,0.6086461425946217
124,-1.0626306382722297,-0.1468980290545601
125,0.9019018811174292,0.4955647733123086
126,-1.5772567594041609,-0.29441819484306786
127,-3.0610231130018946,-0.9010059270526302
128,-1.6966747504809414,0.2189960009979466
129,-0.8627832241669879,-0.8192093574751234
130,-0.04577672367045376,-0.7073916534742728
131,0.5363787298611572,-0.6152718202305134
132,-0.3883873168269019,0.7462364644062865
133,0.2626199827578219,0.8011680564594043
134,-2.947501579119488,0.640239670208179
135,-1.027790483737951,-0.7714025584007581
136,0.4892112218012834,-1.4294103052048457
137,1.485014056652662,-2.002829876557166
138,0.2790303763107898,-0.8520545730802169
139,0.4539859961095055,1.5304006776285362
140,0.9630007370383998,0.2257872300543525
141,0.20205922062028844,-0.1780659139281505
142,-0.3115831986113117,0.5473063349102206
143,-0.8379607393658357,-0.8391662698076239
144,-1.6055196279691084,0.9454223787721108
145,-0.5131120370914486,0.11472254812482074
146,1.6474332198419988,-0.169188332167983
147,-0.8792707620415338,-1.5147528590197843
148,0.8929219827711969,-0.8076194208154632
149,-0.8547279953306282,0.13960576646374676
150,0.15629840408061854,1.7200184309125433
151,0.013147382612237222,-0.19852410052188266
152,-1.925078367500288,-0.8471310333435325
153,-1.0908406934889696,0.9765680694576172
154,0.4560156839637303,0.3475033027358557
155,1.648651336345336,0.1489375114485279
156,0.13423587147543214,1.6037872841029843
157,0.3511407547379588,0.8920281943778119
158,-1.255176366209529,0.3807848140498719
159,-0.8589248796884048,1.5424205530302828
160,1.0937024631979366,-1.4396709078993677
161,-0.1543533336275366,-0.02704613543810129
162,-1.0169573627655633,-0.0789734470751042
163,-1.2550280560481568,1.343947095730449
164,0.7779859728437319,1.6150738586296776
165,0.6353446061887367,-0.2848315926994571
166,-2.1187108401577657,-0.2535221593878345
167,0.6459474014143165,1.2222127669007052
168,1.0580058327475292,0.987922109785122
169,0.7553431843412436,2.1031255151222776
170,-0.16259842586323686,0.9225286729812948
171,1.2243015141306606,0.8716965053447666
172,0.4718081507957996,-0.3746745365973672
173,1.2056037584718269,-0.5334297453247703
174,-0.7009277519618039,-1.919924422304984
175,1.7594634103677935,-0.8097492007522925
176,-0.4786115909336319,-2.4615682857259764
177,0.6780558108633914,1.812939666370633
178,-1.1530014866305365,0.7135141663873024
179,0.8274611253098167,1.225395588442895
180,-0.7397753808319422,-0.4596445468279575
181,-0.5291925041352422,0.843099984138052
182,0.2067675165774256,0.3994038174921209
183,-0.3728902886725774,0.4382216222888501
184,-0.034995134330812784,0.8862274122842028
185,2.4553009472602314,-1.8270656577810285
186,-0.09083687539925624,-0.3237193894947921
187,0.5477011681793296,0.8491138441308069
188,-1.339772980674045,0.187239781978526
189,-0.8090390621597064,-0.8807272684144921
190,-0.04281058831472479,2.227044821119214
191,0.8766894084825497,-0.7504217389726715
192,0.0067073471488574106,0.3381899549807257
193,-1.3991040362031242,0.1907327767846084
194,-0.4552288582105709,-1.7207052181663025
195,0.11296379727031268,-0.1350274904540154
196,0.3765777343860777,-0.4400155577682087
197,-1.4436997478523743,-1.1344870446783344
198,0.6385348936506638,-0.5013653635469187
199,-0.2062526880603675,0.2055185473334183
200,-0.9633005100197932,-0.2366375732783495
201,1.1287552670177872,0.23190447535817674
202,-0.40596924079594604,2.1540871159463517
203,-0.031252604460184755,0.3465982260630007
204,1.7662007912870687,-0.610085820312364
205,-1.1347810955588324,0.16860426905449616
206,-0.282320029449177,0.435768072505074
207,0.3647950130443797,1.1451392549795008
208,1.1448184841904987,1.7851406012709028
209,0.07779404409186415,0.07131050315040119
210,0.2510034725973976,0.03995950951402414
211,-0.3373345231973754,-0.10669651036063002
212,-0.23570408004788004,-1.3423132896672083
213,-1.0961107370854937,-0.051602638703141815
214,1.1077722356662678,-0.4630121449818779
215,0.1267853464635109,0.7033866137394426
216,-0.8343239247134406,0.8792261261478439
217,0.511451988842847,0.7573938383907333
218,0.0661995422571318,-1.249681679092291
219,-1.7722267581571394,0.3667150049697976
220,-1.2318147353886182,-0.1801323067545532
221,-1.072946075687213,0.23920245903065665
222,-0.046044476715153576,-0.7171363662554252
223,-0.07801543653114329,-0.6177182067293726
224,-2.3956307427635206,-0.7766294278789856
225,-0.7699129918006532,2.5199676609434998
226,-0.5942517246612485,-0.6990624996254086
227,0.6273348457343628,-1.0044375099865357
228,-2.119482177751914,-0.4159867159078328
229,-0.8001673592212318,-1.826724085558228
230,-1.1420559288550869,0.2407403113623457
231,0.03836048364057432,0.24835775075875635
232,-0.6673880209504159,0.1608962375123493
233,-0.3574459219961728,-2.0415880260488968
234,0.03371643940194808,-0.3864176285502503
235,0.05172872484238924,-0.1682573696220063
236,1.4272651144895658,0.3479926324521295
237,0.9171605108605344,-0.1320231370798887
238,1.0053746853471175,1.152465169443962
239,-1.3821587464132747,1.5727711850773465
240,-0.9927568705547084,-2.198124078933132
241,0.013988420406850277,0.787584093080647
242,-1.358070738312687,0.13296485015238116
243,0.6257336377354074,-2.383710900972646
244,0.3645280610919462,-0.7691497977672684
245,-1.4346327370983392,-0.6943783007292131
246,0.6524280505922859,0.05682265640502465
247,-0.6265722912655515,0.35140043016287165
248,-0.9478879352796328,0.2129104390440469
249,1.934995776897795,-0.2693656513411519
250,0.37865516939822336,0.154596842558678
251,-0.44447997761723207,0.9735533243524376
252,1.1153239381464048,0.6383313540475368
253,0.13946005938566633,1.8425232231889324
254,1.9419854757513968,-0.1293547668758485
255,-2.2020602386303247,-0.4138567227243551
256,1.870114977257609,-0.204094313892708
257,0.10093507492359928,0.15903268684312066
258,0.756813187246257,0.8583449662225705
259,-0.5150887925437753,0.9971245352111578
260,0.5017263300665934,0.7459527179821096
261,-1.4116917851102384,-0.5862152840442066
262,0.6847737557426438,0.2541141578701264
263,1.9458913722938196,0.11247637442809072
264,0.7461378018118687,-1.1702915252172954
265,1.0651695818199176,-0.33689653297338346
266,0.4427834917170535,-1.0999879098106309
267,-0.5902016558369773,-0.5422413175419949
268,-1.5993241785085994,1.1785146405027396
269,-0.6155832955075822,-0.6727506709472723
270,-1.0589180452373432,-0.17825916358355898
271,-0.2488724522327991,-0.2464535096366824
272,1.0638292320840363,1.324864557781482
273,0.7320380760158395,-0.7088525304710294
274,0.2453417291403976,1.3856157751890388
275,-0.11795971106576388,1.3691618810792976
276,-0.4727909504360849,0.36565603677925546
277,-0.13371014352057636,-1.0201037927994143
278,-0.4044578021579689,-0.1185642679303416
279,0.11189756766001092,-1.0789577744476722
280,0.16555288459442632,-1.6521452112900006
281,0.7471337446960307,0.9248202164281006
282,0.5914977994812144,0.9283614302417924
283,0.5729903163945907,-0.9551836147431818
284,0.9594083596017609,0.7288857042177986
285,1.1519129904444767,0.22738315453704985
286,-1.2540311960484796,-1.7651169566041158
287,-0.06876838207664225,0.7245602782756715
288,0.2358272097417391,-0.8656521493633998
289,-1.8300832697235805,0.06948992311436199
290,0.18827286632923249,0.7991947635655988
291,0.8365374830429436,-2.1284066840625218
292,-0.9603474420025171,0.1778310221320173
293,-0.08539245349865128,0.496451266830815
294,1.7658144809224705,0.4525786758544049
295,-0.8131531323873508,-1.2912020137403186
296,-0.7787682438461655,-1.0638369936300784
297,-0.24669157202223405,-0.20787254137905856
298,0.5258910949609891,0.4662669066970602
299,0.71009478912156,-0.12528321017917618
300,0.9370816006386448,-0.4824068230479537
301,0.37331093337705423,-0.2300869033530054
302,-1.9970277400672272,0.35171400581980417
303,-2.2840998284234804,-0.5487965646791858
304,0.3424128097170181,0.8541150084909426
305,-0.6324168453741189,0.8997990337686443
306,-0.008658957451137662,0.4261357570969674
307,-0.15136431156350208,-0.18220805911231253
308,1.358499964932322,1.123057393476407
309,-0.4756133224968561,2.3061984743817736
310,-2.1001930559979187,-0.6703081404196907
311,0.7032627185441839,1.383141911679198
312,0.8752411388161841,0.5302730663358913
313,-0.3262124823336732,-0.9960113438658816
314,1.3624629271352304,-3.1032831199132307
315,0.3559600570919687,-1.238355654223462
316,2.1579264659158057,1.525443086297972
317,1.9207967542315825,-1.811358279519478
318,0.8276464456154079,0.013390828193909795
319,0.4714960046197549,0.5169022123607793
320,-0.5606404582533293,1.3703255352712571
321,-1.907426701290403,-2.080577668321808
322,-0.9838048706202424,-0.1749683553945244
323,0.8075278684812379,-2.108235402066663
324,-0.3930463149039942,-0.4707681191565205
325,1.7003013559532214,-1.7099226500311202
326,-0.3253758387773049,-0.5062609766962233
327,0.16163988797231998,1.76384159669527
328,0.08945946218296004,-0.09235354005350048
329,-0.5119646477624138,0.2299524464776276
330,-0.14086825791084834,1.2115374500401468
331,-0.7705171937022771,0.514027992728389
332,0.2580421875635187,1.298086710166237
333,-0.6355869133723776,0.16770772653235475
334,0.4510026246576439,-0.2528060181996969
335,1.1338258792751144,0.4706958100695638
336,2.217153263339678,-0.5973127093479965
337,-1.0793240886765545,-0.7944000573775984
338,-0.23869208638571646,0.4343646504931561
339,-1.35680947521258,0.7533582184494083
340,0.5596058667769661,-0.07610148232796607
341,0.17353601928575202,-0.9491913472905796
342,-1.6667108370311168,0.7893666403048152
343,0.21067174554627646,-0.4738724602903834
344,-1.0228734258019585,-0.18909107568367664
345,0.31366109110665696,1.5975616148131235
346,-0.14019262031041804,-0.3639019636480462
347,1.4563534033450931,1.5974162421647933
348,-0.6818700661268184,-0.7988536563271039
349,-0.7849308697456211,-0.9290887855264596
350,-0.1113826610798868,0.7961560775751693
351,-0.28602227820725606,-1.4126886017727005
352,0.5988301704377313,0.8602092483553418
353,-0.22125396461988184,-0.3566090418688585
354,-0.3613516448434409,0.22134206129516032
355,1.0998758272226592,0.7871951054031007
356,0.1995029001408798,1.8288671781200099
357,-0.2710539859331376,0.3339665202618261
358,-0.2503389859385549,-0.3974503695006883
359,0.5597909217362955,-0.6743721556025968
360,-0.6372238922408875,1.3967722799551845
361,0.9763364691109728,0.8990082065305042
362,-0.9579244458211804,0.16938372601535406
363,0.9215336425224216,-0.7940225930996676
364,2.44605501184345,-1.6245651630023754
365,-0.22173864397020854,2.070642089342452
366,0.6250328843155486,-0.11262920737840125
367,-0.6021490488782718,0.9122026258876909
368,0.7606249628483707,-0.3679509013346343
369,-0.6158939252227269,-0.3771779866823171
370,-0.978665339017407,1.5368968571539503
371,0.011293869766964568,1.7935011591523136
372,-0.3883756649172652,-0.7174946053194718
373,0.5701430052416316,0.9095894966821017
374,-0.04360688988423997,-1.6384305747810692
375,-2.5030890349906456,0.06424013464096645
376,-0.31233951711974584,0.4542030545545397
377,0.4934419928391315,0.043489483951993514
378,0.3254318129220744,0.3046322530595141
379,1.1747391836516643,-0.25483671886585235
380,0.16883511567274714,-0.8295478768448082
381,0.5914245349690103,1.0148448237441203
382,0.06671628799051789,0.3541000707154929
383,0.6873583105446447,0.7345979376853351
384,-0.05561968183322258,0.9336752607117138
385,-0.546101126296003,-1.162804606611965
386,0.3689810517721028,-0.37584233142616624
387,0.9417223022420808,-0.7325945717155794
388,-1.084996234875597,-1.0426587943700567
389,0.6663383799943391,1.4217732025029055
390,0.7397795645129979,0.6767785201837329
391,1.2042451985229965,0.04763354424486062
392,0.11634399932281855,-0.2667216192911575
393,-0.39347665488779865,-0.059411090864495066
394,0.2043200719486391,0.07052460945533337
395,-2.1416827130834517,1.1031376288149235
396,0.4339081856035128,0.5604632064980203
397,-0.12227429023015972,0.06910845889565376
398,-0.14027381105656994,0.4843908875184946
399,2.3697514901651333,1.4431483484348395
400,1.0595503566425648,1.1418236583822428
401,-0.8599345057844218,0.2468989587015525
402,0.2526905663625265,-0.2294771664469964
403,1.4872537082748674,-0.16480152575883475
404,-1.3381971044269043,-0.6417315371824446
405,0.796535443831196,-0.5692139762836331
406,-0.3217335897220086,1.155131114223104
407,-0.1583901071467611,0.5614407873959485
408,-0.926692801188508,0.5745916599791148
409,-0.5679066810042581,0.6784575805015812
410,0.3389317773552957,-1.8579321332770844
411,-0.2309796936511837,0.850581597144024
412,0.9981701436517708,-0.8785027479298223
413,-1.0346453609474702,0.8905597601119736
414,0.5236159887769951,0.3756078279429783
415,-0.3145308663284081,-0.9312270023244552
416,-0.3535766687168448,-0.3695474566274511
417,0.4456925708263033,0.19886732446519825
418,-2.6761078292231124,-0.668253710663348
419,-0.28505381699304444,0.2445317999115817
420,1.9802338845000755,-0.2467677021477161
421,0.7982285709013809,-0.17360659572046014
422,-0.3692128035565136,0.23104491429692384
423,-1.2306728720303997,-0.7104767331039757
424,-0.06422513076114357,-0.5338458134847914
425,-0.7872346216405335,0.8629590445191846
426,-0.1824483285780982,0.5149489623818135
427,-1.860215723616158,-1.302828207825384
428,-0.3599457294485633,0.14876934895900315
429,-0.13236444234682124,0.009823980745665758
430,-1.6631997350732772,-1.4608385975259932
431,-1.255005242038326,-0.6571777428172452
432,-0.3856550245760956,-0.019472363503530262
433,1.0857226131051312,-0.4368513725851013
434,0.642273484975245,0.07526509304008958
435,0.4414798961266461,-0.2160549649030188
436,-1.0260901376609397,-0.07102641205191836
437,2.3715423189525517,-0.277802815155697
438,-0.09978191445861163,-0.1107700047772666
439,1.2516674317785246,0.9063694781380804
440,-1.0222622017821703,-0.8850167525724347
441,0.031265953897721785,-0.29416247181476024
442,-0.8377515166046012,-1.665748356801254
443,-1.396980099143348,0.19110543879416236
444,-0.508006095811147,-0.8360423193483898
445,-0.01393437564987564,0.8197266295842188
446,-1.3245495121892428,0.20921967059461485
447,-0.20927829526564345,-0.27832070664093295
448,0.3725150978979233,-1.5133668193947378
449,-0.0033089392588409212,1.7770830237310515
450,-0.9567189221803796,1.2552229425089454
451,-0.5853247376944769,-0.7077702286586739
452,0.9227234418742812,0.8674483008419872
453,0.1717631814767945,0.9152456357393132
454,-1.5801232136816736,0.5307564707494764
455,-1.5157671484109925,-1.8618793649077492
456,-0.1706943410865194,-0.5101814382291683
457,-0.4825935624556865,0.470238369521093
458,0.17618998613993006,-0.8678354256689688
459,-0.08095537860327885,-1.2941547358486682
460,-0.10409919186308454,0.158416328030385
461,-0.1763849529267528,0.5112289375788934
462,-1.376240007982121,-0.8107631453262059
463,-1.1578438932426882,-1.9859057489292689
464,0.2457066171145122,0.3990623147400633
465,-0.4329785667196997,0.7312217116062986
466,-0.09021569638962468,-0.27889144673376765
467,-1.4120177583642046,0.8771610121043575
468,-1.4556340592465853,0.20918317203151574
469,0.5702378767166648,0.2223373630662676
470,-0.1356578082147161,1.1628373661363771
471,-0.20128863631332744,0.8373471403456099
472,2.0161344938918404,-1.6965892813529897
473,0.6679592656430636,-0.7578022669176282
474,-1.4032568091703053,0.688114151335808
475,-0.2583150050274091,2.098055812363384
476,1.605846282148611,-2.3467519233266048
477,-0.3082755240243267,-1.3623561268821258
478,2.3239604779210388,-0.8271046431714852
479,-1.8745336886283819,0.2040503796076444
480,-0.48136420776811206,-0.5514599463082498
481,-1.924348369134608,-1.121486314503769
482,-0.2512318483238033,1.2948919025973578
483,1.3971697158005978,-0.029165068248204425
484,1.9953639166825068,0.2272290947743251
485,-1.0188639853675998,-1.4768323607544531
486,-0.4196571366211285,1.3219328560432193
487,-1.285485119951166,0.8063699315199363
488,0.026508318357165637,-0.262985138478994
489,1.1866403056348591,0.26228948858153783
490,-0.9663134755600524,-1.8254350118770841
491,-0.6686180581718816,1.2359861258191354
492,0.25711441313265604,-0.6361724809939879
493,-0.5443206270870432,-1.5918116819505448
494,-0.6280418500023802,-2.56475777796149
495,0.6025424349542194,-0.8933545452539094
496,-0.8411036500760162,-0.7007371729013646
497,0.5287897587808243,-0.9466822854204056
498,0.5205157621175827,0.2298391190388073
499,-0.2917342188915555,0.4059259001213707
500,-1.4853777219520703,-1.284652574075302
501,-0.7295113517394006,1.2949656362183322
502,0.41017420789322656,1.5783839483022015
503,0.4458962931926109,-0.4486177671295544
504,-0.9676114985047,0.8173870062334938
505,0.674576186715266,0.3079717528910878
506,0.8431360063235809,0.1199184797074113
507,0.9534538487484144,-0.7411564048987169
508,1.0015020876441167,0.8897791614687329
509,0.1758563810857669,0.27733688998274586
510,0.06375835353329437,1.1815597803861406
511,-1.4833697421719338,0.1261001877052584
512,-1.3611187582050803,-1.3751804817209266
513,0.3155616427233971,0.40478154915459696
514,-0.4031457486023191,0.3319160236784769
515,-0.4924395515168621,-0.7012603082290032
516,1.365281282671091,0.7378796009866591
517,-0.025006475207589772,-1.9409795840729969
518,1.095052181149042,1.1395544312917076
519,-0.6690218097952252,-0.3234813060204171
520,-0.566566813007887,-1.0380111175127131
521,0.7808115128428534,1.151556860799282
522,-0.42322932362887056,-0.5014741194902537
523,-0.5480184704602244,0.6203846230121395
524,-1.5890707776920463,-1.505051367027038
525,0.8713824216739982,0.3963363612247043
526,0.6469663038219653,0.6735070373654434
527,-1.3788186350847988,1.9365944410982832
528,0.5900631889458516,1.0388387647753723
529,0.3615178205002505,0.91703105698743
530,-0.28745679190628265,1.4817529562182867
531,0.21751288978653044,-0.809491837664838
532,-0.8208102357716757,2.1504977773635408
533,0.2820394722279229,-0.04456109881128093
534,0.2968539581668223,0.4872919473006684
535,-0.5970746224292253,0.5229319032662388
536,-0.9392152959691548,0.8418378552140834
537,0.18756685582024288,-0.6657172472576471
538,0.7449204893607755,-0.4857268467478114
539,1.0227967013450925,0.40774041731405103
540,-1.177686936265822,0.5469747623691459
541,0.7008124390490145,-0.11725372781360255
542,-0.6953851289044755,-0.07009184397068194
543,1.2398603621949391,-1.1414818334202634
544,-1.1203659771579249,1.752986645623665
545,0.7279758605319537,-1.0384914895316488
546,-0.4432793706861367,1.0997959412872629
547,-0.4274132714809026,0.14601806213866705
548,2.04944949621239,0.6275597425102417
549,0.17920087145280686,-0.6053874670672316
550,0.5243642022073468,-0.5099009404752746
551,-0.6915060617382787,-2.2132902305770514
552,2.446991429172593,-0.5660277046746421
553,-0.2698918828803668,0.8657639183822672
554,0.4728963986097203,-0.13671370409759825
555,-0.6308595581990964,0.09447334533713816
556,0.19244736759739026,-0.3769364806926573
557,1.7391454330222262,1.3337450539067273
558,1.2934579817273593,-1.5170807878858326
559,-1.8456079799335567,1.2655340318424275
560,-0.5507506263262509,0.09691244739696953
561,0.9880029349251036,1.811970259656644
562,-1.5398296302035726,-0.5355052020586574
563,0.2597526183704425,0.08159379421045747
564,-1.1847975677036868,-0.7885997432679615
565,0.1229655285020971,-0.2590139134617179
566,0.4884694462784399,-1.5656745845484457
567,0.2187351121897284,0.5646767121760049
568,-0.6754963122487848,-1.2778025124833674
569,-1.170709732309822,0.182797167294107
570,-1.323186027253166,-0.2389021265789185
571,1.3535812513389278,-0.14377693714816284
572,0.5100659699807171,1.0375762463226554
573,-1.4289633834360675,0.7960547357370907
574,-0.4834765893206946,-1.8186616359558008
575,-1.3705219010151033,-0.07533532136912709
576,-0.9864109289582228,0.2411725022779835
577,-1.5574106644883883,0.9540277967716504
578,-0.6154638187457968,-1.3207544130852635
579,1.1320839438444288,-0.3498634378377675
580,0.048423759140203415,-0.7927099318235133
581,-0.2735369507326071,-0.2789359998130985
582,-0.3041786534841697,-1.0518829341563452
583,-0.7753301347232288,-0.9331647634445568
584,1.700910646684143,0.08928882970302507
585,-1.0507924393666566,-0.4320818348974501
586,-0.43313492449447,-1.2264181228032638
587,-1.4440690719939202,-0.5169966311625562
588,-1.7710784063906275,-0.30208651907230016
589,-2.6407170029497906,-0.4195611205130941
590,-0.8745747721845024,1.4290371920412972
591,0.7198542850514337,-0.44447020540736026
592,-1.963358182679101,1.1993274315503502
593,-1.342744512178082,-0.5188454508606454
594,0.8036864678791931,-1.3432457132424311
595,-0.5136008700975865,0.28865050081863186
596,1.904008148851296,2.556453555311305
597,0.4955228244687079,0.3309580095742947
598,-0.6335111262440478,0.06876295655330933
599,0.2940450725763463,2.172303401075656
600,0.08017199229562216,-1.0083300120979806
601,-0.6741951796734174,0.9650441370282664
602,-0.6613461683748157,-1.4106848031198522
603,0.11104083959322676,1.6171404296179497
604,-1.1957343552198234,1.1078249225681716
605,-1.8595552610325792,-0.5432255165130171
606,2.085949087809748,-0.53512489776183
607,-1.9448243681107176,-0.8727524425420721
608,-0.3596521062275078,-1.0319901869448966
609,-0.7085119739397618,0.39324485908735
610,-0.325566030649428,-0.7398427006543956
611,0.21785714077959176,-0.542180945948516
612,-0.35250913504324843,0.014363561402829031
613,-1.2309403132487229,0.9798349562316804
614,0.3257733904127713,-1.6453322611471854
615,0.5907757170209507,-0.2782305418341985
616,-0.4397243123798916,0.6251412503219066
617,0.6752970044038988,-0.15111072835129374
618,2.3051074052528127,0.3165556663245165
619,-1.0319314694025077,2.1722023075393717
620,-0.5527160433512179,1.0382758810766604
621,0.8431101445146815,-0.4053186624305488
622,-0.08309158438547183,-0.4002589636264105
623,0.1866327824208972,1.4073062842000759
624,-1.2116943742077362,-0.2214700347459718
625,-1.4085476631600813,-2.673361333335883
626,-1.8486525754680807,-0.5649367573245987
627,-0.4433182133711936,1.3641512177524673
628,1.2648419147065058,-1.9937540503059696
629,-1.1647642132989804,1.5788450033982042
630,1.2764454468337374,-1.376609958847074
631,0.9263936924910772,-2.411283489067562
632,-1.5085740223501145,0.6537417317631838
633,-0.4137841599530107,-0.7201450990635229
634,-0.3776142210528659,-1.1329415294735776
635,-0.05940253022469085,-0.0366381858756188
636,-0.10096191684564504,-0.0686352190005129
637,-0.4019687896135962,-0.3828607998232192
638,0.8230350591050982,-0.6819264943572361
639,1.0917746167739621,0.5135160125285321
640,-1.640292415661739,0.586041701420616
641,2.1762069825540795,2.001476844394656
642,0.4922491579791248,0.06470275837858869
643,-0.9451784275959928,0.2632529311449533
644,-0.6020117770976439,-0.0061080704588696005
645,0.7827990794972209,0.16231024253915452
646,1.9572394513003728,0.28464519370891284
647,0.6636602204543582,0.5841827939525684
648,0.9476251758645664,-1.0736776277869369
649,-0.908022284715236,2.621573512236054
650,-0.2912949994045592,-0.28226198644545336
651,0.8679806794875794,0.10298134768910963
652,-0.7836234678343462,0.0886342519788307
653,-0.22243067097482247,-1.0778912671014675
654,-2.0082106326766365,-0.16239553446703645
655,-0.3367828310903121,0.6231164651385324
656,0.5373904331409909,-0.7911245276257863
657,-0.7062367092186449,0.1051266450098116
658,-0.5685179123884228,-1.182782521182955
659,-0.43059963932580864,0.044666179046931286
660,-0.9446637458527232,-1.6230989739173352
661,-0.6626718883537297,-0.4569026191915028
662,-0.2423346520395274,0.20039406658195186
663,-0.003959634114778825,-0.7222309142275103
664,0.8930817170439053,-0.4021711324572682
665,-1.7880185173790537,-0.4747974950744482
666,0.8001479594870207,-0.14517854024135046
667,-0.3425115624595268,1.079723648027079
668,0.5848610465721276,-0.7387840717549476
669,-0.2598586556016053,-0.2779889229281717
670,0.21113275214895968,0.4477858179390794
671,-0.3227243193454661,0.5884781409027351
672,0.5936675265336462,-0.6095177224162986
673,0.3116962697682965,-0.3914738040856187
674,-0.15984860189578973,0.2506229898508284
675,0.15946729498276044,-0.04377336312941566
676,0.31314852456291464,1.2358092118043962
677,0.08960854155022521,1.6889528143653167
678,-2.9502183325299782,-2.6113385946795087
679,0.10249838863186804,-0.6325357682364685
680,-1.0329538187275642,0.5024360251017299
681,-1.53099972610613,-0.6565120073678913
682,-0.9079756618367542,1.1742855815720028
683,-1.3340406398641107,1.0320101174587324
684,-2.105546935211718,-1.354913544243302
685,-0.9279892067853154,-0.15982169320411246
686,1.7329969365047342,-0.5747441135309758
687,-0.11384782686911205,-0.4092086447760014
688,0.8486231997392759,0.3638602550747635
689,0.7516715992913701,0.4661228693179285
690,1.0213978526274228,1.5737134566547557
691,0.2519757280237589,-0.325370543625828
692,-1.0234708026763126,0.6997283923073759
693,-1.2423522514367094,-1.5970056022467969
694,-1.2299654292557491,-0.9432674745106636
695,0.4907408817802064,0.8801337656654311
696,-1.3329998288715188,-1.272834690375476
697,-0.8832238687724373,1.34054002780278
698,-0.2469712616136533,-0.3852786834918528
699,0.7454663702310943,0.011377266536032656
700,0.3586551847368268,1.5840385992461363
701,-1.0410586629566447,0.8080346177505434
702,0.02846959595825012,0.3132555460189219
703,0.8323784300362214,0.15043514397192306
704,-0.32815863214935964,-0.4193901819615415
705,1.0021102399088722,-0.3178844950095216
706,0.7154684099755549,0.4924365520770319
707,-0.5504194151176532,0.4152040299041424
708,1.0992290440848218,0.5540606593715021
709,0.5834875850719478,-0.4514373648315039
710,0.6092779338139366,0.7156659767353823
711,1.4145064287452018,0.5774620530364257
712,0.8287488042402391,2.8232912644759827
713,0.738656324014393,-0.7249909132448018
714,-0.5954190591761467,1.1130069733419978
715,-2.2906808304855786,1.102606937899271
716,0.760299813569708,-0.23081541378284445
717,0.25254359898188244,0.1635314534873917
718,0.4193441886417888,0.03800911839633018
719,-1.3668944969642771,-1.0619940065371531
720,-0.4053667316996097,0.2660174902939812
721,-0.329588343403185,0.7233067322859527
722,-0.6362863200343023,-1.4826474311853686
723,-0.8978515955692321,-1.202702554942495
724,1.5535437739021245,0.9375663617676502
725,-0.2657690664766007,-1.6697390139343302
726,-0.382157207092978,-0.8408555526454072
727,-0.032261259106834174,0.06444448348337613
728,0.3021199891819657,-0.6707685824200413
729,-0.3244675040910485,-0.09575599340653723
730,0.1988671707160397,-1.0276133741870774
731,-0.08068773673397746,1.5434138464820848
732,-0.9010457357969484,-1.0538184464476958
733,1.1637581459673023,-0.7085118918045265
734,0.751787078508127,0.7300033291082877
735,-0.5599102096205248,0.8578123063116064
736,-1.085772771438302,-0.8656817573494059
737,-0.4419397763226433,-1.0784156121804418
738,-0.039092819957782826,0.13047511189385494
739,0.9579491233141304,1.4195340596216233
740,-0.7429264787711942,0.36486151554545454
741,-0.7323848641892317,0.8934991739984953
742,-1.6898419576574562,1.0514865303539338
743,0.13270665320232594,-0.5486550427992625
744,-0.2902113072121881,1.1219323616596468
745,0.031565004936771585,1.7014781970174853
746,-1.199487004809055,-0.5423077677904992
747,-1.5176079985188282,0.42510107977517053
748,-1.5884626775349466,-0.4749873026088435
749,-0.3771747483833388,-1.176238440404242
750,0.5478854435009135,-1.8028704531750932
751,-0.5361821190435837,-0.2382095849993954
752,0.991165368021154,-0.22085081168511012
753,-0.7318811963939219,1.068719891585161
754,1.6074521810729565,-0.6191400886725117
755,0.2253593033451748,1.1111708335177042
756,0.7093585062791317,-2.081386775408029
757,0.9601223006461602,0.6589716106159452
758,-0.12319054662651086,0.22785080778835956
759,-0.6095919359166577,-1.5626296147615832
760,1.7712377323565915,-0.34974382117122965
761,-0.0754752866212156,-1.3174408641631001
762,0.22361296723669447,0.517328532946506
763,0.8600789278627805,0.5781780828513436
764,-0.4779083138405361,0.3457940765569396
765,-1.0329729309873554,-0.08293373573221566
766,0.9379710494078358,0.3496500583576074
767,-0.8939793383347058,0.36075205189187776
768,0.8202518400862946,0.3795747992052133
769,-1.8197310051550972,1.2982768399632885
770,0.09824296475513647,0.1563365420493414
771,0.6895758113487105,0.37881281963860797
772,-2.096883112219808,0.02549616248470504
773,-1.2438369810538452,-0.8562002311536602
774,-0.3883034438481872,-0.3068952717438241
775,-0.006959657661469848,-1.232224775837416
776,-0.5738705982305298,-0.4984045389790284
777,-0.3549864534669212,-1.254823955274624
778,-0.4052416532103869,-0.8257792967012809
779,-0.8143399956458287,-0.857909944510624
780,0.9968775401048652,1.2324457308351575
781,-0.11529374154056987,-1.5169562536846433
782,-1.0770418661876742,-0.7150429592148758
783,-0.012326984050358022,-1.086317213950134
784,0.11902153119943674,-1.1709004227517787
785,-0.7098697569228607,0.38594645669133865
786,-0.7378969569932129,0.8063522940600887
787,-0.7923525925646595,-2.118225086760689
788,-0.7178176616463126,1.2863701130860228
789,0.12638024341456344,-0.9341385550244796
790,1.3114724420019424,-0.15299963067581354
791,-0.23080042333157705,1.328453004231385
792,-3.2137525981959043,2.2626358069084835
793,-1.2689690709501789,-1.0653146177469432
794,-0.9496765480718404,0.14257006245521514
795,-1.0704996833560798,-1.859753478299012
796,-0.8370890019238731,0.2617290076147994
797,-0.2947594826929593,0.31860088053993635
798,0.6058433817413239,-1.4834173696956685
799,0.24227421521392475,0.2751817171389618
800,-0.7729675108687626,0.29843403397758883
801,-0.9233959207792862,-0.5921378712473597
802,-0.9583114041198668,-0.1312823437746874
803,-1.4446679824293889,0.8626955301672103
804,0.5338849903301822,-1.1114073820040462
805,-0.020751313078283203,1.196712482690525
806,0.2797463836452724,0.9487930428930323
807,1.3619786878929203,-1.7589358462492637
808,0.12586549718346488,-0.539774582763379
809,1.073444006361128,0.4059888335562264
810,0.9297994570151282,1.3669989199798844
811,-0.3424536882436444,-0.13275252355371642
812,0.01494994252005323,-2.2733307475480435
813,-2.1545734614938152,0.4725518952721264
814,1.457620028112388,-0.6099231851103166
815,0.452366433918815,-0.1895264820064784
816,-1.4397730165706009,0.7256197936663563
817,1.1702176200599372,0.4778970633779509
818,-0.275382960428702,1.024220489554629
819,0.3763109450552606,0.4833414888769109
820,1.3325005274079742,0.7230482270938785
821,-0.5743200224444955,1.1159629803562967
822,0.4840460889924051,0.8897138570912158
823,0.09371537102253907,2.2065144112914985
824,-0.3212636094262676,0.08803954497229396
825,-0.8776833881526537,0.4598815373730959
826,0.5722775473130036,0.20254543795645666
827,0.01177862590788531,-0.5959392589836067
828,-0.2547031745864401,0.0013205401130129402
829,0.346623067852788,-0.2968145956762816
830,1.6411790823915149,0.01374125857094845
831,-0.1796025919857596,-2.1330277655854624
832,-2.7910946537482597,-0.5400255410653526
833,1.8215397049202031,-1.3850361817193082
834,1.115399440038895,-1.9464382805981857
835,0.7215343151120508,0.6112079912603365
836,-0.08576503337862715,-0.351457030152016
837,0.6073811917839521,1.122831130495802
838,1.5377572134463204,-0.03670900614575316
839,0.6886937193105082,1.6722297720875712
840,-0.18550906602780204,-1.7396664193896019
841,-0.051255382325728883,-1.26610774784624
842,-0.0024242558615066323,0.28162350727162394
843,1.0922744369226622,-1.181357047686893
844,-1.6031189830836583,-1.3834785967705363
845,0.4002491984955766,-1.3670460579261503
846,3.4618752069543257,-0.5183219890806523
847,-0.3502966144769337,1.026194758985843
848,-0.4040537059005208,1.6759898742204764
849,-1.4973914607552707,0.8520332985017254
850,0.8391145390515433,-1.7746552126087387
851,0.3715131125894616,-1.0884858980314716
852,0.1665140482880439,-0.4774799773962625
853,0.8581260911018391,-1.585899803237956
854,0.3431967787205969,1.1276136716055185
855,-1.7450214898937941,-2.370117742311866
856,-1.0819707061519552,0.6167492044691578
857,0.4959584492857298,-1.1425523889038494
858,0.02537795871601313,1.110109478035887
859,-0.8166839321862761,1.3081181124059094
860,-0.9982415937223954,1.1126357894590495
861,-1.6958261545613618,0.5376343341966713
862,-0.4501513970953736,-1.0409044716176012
863,0.18071454888917748,-1.4061640724393791
864,0.1754949548590185,0.7083548092719767
865,-0.10565444559630173,-0.7930656190371608
866,-0.2652891579145759,-0.6834567032291097
867,0.4189231766505394,-1.0303006821773049
868,1.0653564253880032,-0.6820613381675033
869,-0.5184080377788765,0.8693281758937662
870,0.7646623462746392,-0.4401261874676235
871,0.5322679396991765,-1.0519030263090772
872,0.4094597442383832,2.871226624872574
873,1.3979565648033176,-1.6839183110197915
874,0.25170988728044397,-1.377156255415407
875,-0.2855797099103394,-0.2754786981330354
876,-0.283659377239372,0.25543817697565235
877,-0.8677243314252523,1.0039574910319842
878,0.9413173716945432,1.284559031568299
879,0.6081099488227452,-0.29215241904027617
880,0.5893560639004138,0.12586751848887878
881,-2.8107945754824097,1.176464226367877
882,-1.8132291302638197,2.390607648167493
883,-0.525687233632132,-1.7195000034950034
884,0.8815775962101405,-0.5956079484796784
885,-0.08974317805106942,-0.6525582726794596
886,1.7198186472256394,1.4905818904864196
887,-0.1986581370374307,-1.1152078186625636
888,-1.2993716369749464,0.02573667342206044
889,-0.4895167443967526,-0.7568596182084351
890,-1.9749652319097957,1.9073574313589536
891,1.2652295390389083,-1.2730440445578142
892,0.7249082993639541,0.9661663953884332
893,0.05298090526764451,1.2801265853398691
894,-0.8496319386394132,0.7236919335438076
895,-0.05198087664058877,-0.9150694506598556
896,0.5405479604235987,-1.7627633721651352
897,-0.4994521745732191,1.3977202421491706
898,-1.8966565220162623,-0.33405575303807183
899,-0.9452990993938101,1.4684685059734366
900,1.013752898473672,-0.6818075154040584
901,0.7954922726197732,-0.84346169396362
902,0.5433922077397475,-1.5843971789382802
903,-0.8864253260803553,0.6139708871348951
904,-1.216631987047481,1.8775418984213503
905,-0.1038295442542187,0.8647095460445468
906,-0.8107295188782354,-0.4856936461806881
907,0.6102523774739768,0.16006641791486634
908,-1.769388220156645,-0.4696818033712986
909,1.2653564486320712,0.4685555831175763
910,1.6128036974715567,-0.036101658609067784
911,0.08085035599801277,0.9841448733276184
912,0.14098949742697864,-0.3218117329130953
913,1.69789623445506,0.06728272992528497
914,-0.24539319563344145,0.7977559260305226
915,0.3592756453727498,-0.9778047881181338
916,-0.7008327009658637,1.60513314156965
917,1.4365862336931152,-0.3566492997634694
918,1.03002817139061,0.06912174174748516
919,-2.0375345934482265,-3.0963286926343785
920,-0.6588271602466533,1.634421292073977
921,0.6321528294743082,0.17808664641619648
922,1.5642852528102782,1.3441300189693293
923,0.8755742865525785,1.6664739135994262
924,-1.193563022069928,-0.13515821928144803
925,-0.6038196806993149,0.05639501747646666
926,0.6638048277773845,0.9984150187208692
927,0.5356780664768422,0.864955208316788
928,0.5620710517318281,-1.1552535964942872
929,0.7546969744009314,-0.7166961526605508
930,-0.9146597042101936,0.04039217149111178
931,0.29870991236197664,1.3640071107836935
932,0.20871860865185374,-0.3056803061242456
933,-0.036934093467321336,0.23593101095993724
934,1.0134615463618826,-0.8257556835805822
935,0.8433800663680397,-1.3313171759533975
936,0.8012178776878026,-0.5585766865684956
937,-0.28193205439135743,-0.5963979061072638
938,0.8584295799536831,-0.7620093230854824
939,0.5558530911082084,0.7898150195135878
940,-2.2554609785509023,-1.5342173412375069
941,1.0826272792200793,0.6825462561404236
942,1.275017911424296,1.0029138481623447
943,-0.676208327064272,-0.5837633176278587
944,-0.265535222672762,0.1227721005135576
945,-0.12774455583309413,-0.6805159667819196
946,-0.8426641829071012,-1.048680854278032
947,-0.05151569218530419,1.2993150572861856
948,1.2756690013675274,0.6932907650481717
949,-0.022673741329050392,-1.6256983786696926
950,-0.03879770715701709,0.22241390458856564
951,-1.5635737486740058,0.3629498735903529
952,0.5695447757551486,1.3818874169850102
953,1.5130556517076494,1.06087342757846
954,-1.2585762019526208,-0.823381326775268
955,0.9573774025916014,-1.3108377989365756
956,0.607967651086286,-0.0468469653981047
957,1.318867051838816,0.7424776824213491
958,1.5573998175018808,0.607545766250704
959,0.16048083112873146,0.5409282516584155
960,-0.5723686298470146,0.1534001244332632
961,-0.1017198752618519,-0.36840841999327056
962,-0.3173466424397617,1.0901245571309672
963,0.5723941073022286,-1.3912092702057808
964,0.3690187751924995,-0.7858489084802424
965,0.17815678765893975,0.13895231858565146
966,-1.036865871094138,0.3623981163860831
967,1.1473945124653042,-1.5813060003808668
968,1.0468871943795486,1.7119195096072046
969,-1.780266488405461,-0.8844217773003508
970,-1.327390484493008,0.864704256820129
971,2.7166954608745497,-1.0280930157739183
972,-1.367013061263589,-0.1941979362805292
973,0.626079809514599,-0.7128353648131159
974,-1.0055294652721658,-1.6437942121280087
975,0.5198048340179461,-0.6576268421680967
976,1.1283366689606456,-0.3254307734675325
977,0.9716472283010571,-0.29539058739660223
978,-0.770304694529298,0.3907026039455979
979,-0.17139885309912145,-0.4044484951742748
980,1.3314779280540303,-0.33074729655719337
981,2.1323651663302567,-0.2933153641927078
982,-1.4015847240358466,-1.6771077896750033
983,-0.2812055531038041,1.2741320603065822
984,-0.5273073002763752,-1.8965466277379452
985,-0.2471106574683558,1.2445131093399842
986,-0.8127217431400119,0.4343969711139992
987,-0.5664765057853612,0.8465527239168597
988,0.2083084857843496,-1.225677157441967
989,1.154568013045577,0.8679720003665009
990,1.3299242827512412,-0.51472338606686
991,-0.19299929279674527,-1.211289733696688
992,0.7339160203740283,0.2223791632494301
993,-0.8097026178992467,3.1715293858564757
994,-1.0717132648758383,-1.2474856888021308
995,-0.9378394559797324,1.7516509570399106
996,-3.0066441757397504,-1.9695353769472097
997,0.4564345128873857,-0.6830175061628713
998,0.11915940568802452,-1.0754064870117033
999,1.6857792876050168,0.20792900632493413
1000,0.7917370481370452,0.14430615907506975
1001,-0.13206770345497468,0.027308465049341063
1002,0.5931613098499494,-1.4820128102381516
1003,0.6931196942555261,-0.4930432673900601
1004,-1.0899883918812592,-0.9782202556426609
1005,0.22376455220627764,-1.5522653750277973
1006,0.1823769656191625,0.2668437832270226
1007,-0.7998722744075949,-0.6572733251543221
1008,0.917629529335365,-0.7507787332040072
1009,0.383358758507225,-0.9916874833335834
1010,0.8253237648227062,-0.13764976900851092
1011,-0.48929780174207793,-0.04817155415696316
1012,0.9477330350738828,0.10727531874301052
1013,-0.4616645759484766,0.28290629413550666
1014,1.1372818176442052,-0.20186604563279825
1015,-0.05897650374402999,-0.5615139863480068
1016,1.1008729844688354,-0.6378035378471937
1017,1.1944480518003593,-0.2792586448941823
1018,-2.5787655064976183,-1.626622222375103
1019,1.5395587972577565,-0.7676868320198502
1020,-0.929849349137024,0.4293957726450169
1021,0.4482978844836269,-0.6988540471813257
1022,1.442681583498844,-1.4645531983100786
1023,-1.6561671848525616,-1.7328893847594968
1024,0.0973855378425749,-1.605386198167839
1025,-1.9211212049148143,-0.05048880152922385
1026,1.2188021407008076,-0.7648130258875212
1027,-0.7407071486386533,-1.5275183153288645
1028,1.8570389865140544,-0.061879319863247975
1029,-2.0810135770332314,-0.5878358201475301
1030,0.7405154290637759,-2.0972614405400045
1031,-0.12629688912359874,-1.4468616310021436
1032,-2.7735794533211804,-0.03720667222612565
1033,-0.2386356843673273,0.6282007888265093
1034,0.8737407611460991,-0.5319878538952659
1035,-0.5085900406920721,1.5181368188012012
1036,0.01678061620182127,0.4692663081344741
1037,0.6266712551679914,0.8757128067530741
1038,0.13708183811212088,0.1492189765620682
1039,-0.5742987119446515,-0.02680393472050002
1040,1.4086780748258805,-1.4101452607250369
1041,0.4692098176552502,0.4515407466957725
1042,1.4221584934602751,0.1226743354827756
1043,1.4363306591344451,0.18317679239601176
1044,-1.644549501841213,0.7412626506999547
1045,1.5308440937530032,1.762465576317615
1046,0.7527042059808144,0.4871707846045352
1047,-0.24191653682272424,-1.0681546284068486
1048,0.4045359344473872,-2.1108891081758285
1049,-1.6146221958034448,0.932610047560384
1050,-0.6702090137130275,-0.931980979272832
1051,-0.941739656258026,-0.13835371226058238
1052,-0.12134659282992745,0.4986357752950012
1053,0.11877164752200214,2.237809810745766
1054,-0.16848603450824765,-0.09918766842706588
1055,-0.524355240442176,0.1393047337454911
1056,0.3526518181196125,-0.048266388682510916
1057,-0.9898831391796468,0.191766366523382
1058,-0.7594026849601822,0.024562407161954947
1059,0.10809137573785553,0.5258880644284462
1060,-0.04962283908088725,-3.1632619316526047
1061,1.096428892629887,0.7501781641288037
1062,-0.4732100315383024,1.1373531288919398
1063,0.22997623735020625,-1.3000158426757045
1064,0.287972303422507,-0.2710026745645034
1065,-0.6838766698007784,-1.0482819067776727
1066,0.4279212132675643,-0.3861275659356962
1067,-2.0790985975900704,-0.9712637620469272
1068,0.2594783137453655,-1.0325657950084242
1069,0.5889088451141342,-0.5143371189855339
1070,0.0502560954837021,3.2584197739776863
1071,-1.0455649483578529,-0.9468666452164728
1072,0.6533399473292919,0.8788589059727406
1073,-1.9486353972069,-0.5552141439342811
1074,1.800894752436516,1.3806553130438652
1075,-1.6067499974808772,-0.3754471289337656
1076,0.04820784713821056,0.8086173104318731
1077,-2.5458586160396077,-1.67738079726802
1078,-0.7288466771926599,-0.22074935781669952
1079,-1.9695039481505696,0.0598687943234538
1080,-0.9182684156534074,-1.0843770351288875
1081,0.7541664511813637,-0.9362927583910128
1082,0.1788372033542788,1.6731526134194794
1083,0.3995249311476848,0.4788877082292207
1084,0.10810388664191647,-1.5097977136668257
1085,-0.31289414407723953,0.6857945491579145
1086,-0.8867928243412757,0.4728283729547054
1087,-0.9520685832687305,0.2440830445454225
1088,0.1468857174792984,-0.7806032969640746
1089,0.030111141539223982,0.47364213859539794
1090,-1.3108163803372916,2.115036332572324
1091,1.9125558829073337,-0.38478110300318097
1092,0.1751215184055593,-0.7164739601796186
1093,-0.23139920959691224,1.1246164837051658
1094,-0.022944888948681342,-2.1592950496742525
1095,-0.19203742691783932,0.5509029590730153
1096,0.4997396665498389,-0.4127215828801953
1097,-0.9967850113948458,1.1698418492091278
1098,0.13136683509859692,0.32819119738625085
1099,1.2919483539047791,-1.5738008288214609
1100,-0.6921394906133005,0.2263461455084627
1101,0.3185677284853734,0.2900791532379887
1102,-0.3150079349464144,0.8941309492335988
1103,0.4352000519542416,0.22946324865645276
1104,-0.461041602015413,-0.29119369100495834
1105,-1.6378561072174809,0.8716029279036601
1106,0.5124454571513922,0.7204522471195001
1107,0.5863275104087469,-1.2100853962353213
1108,0.8221436281875621,-0.9217235224260878
1109,-1.6685359115630938,1.792876203349058
1110,0.023117268795212774,2.4344981226407887
1111,-1.7420537459409269,0.12169539686484007
1112,-1.6895226462084698,0.5000790743240446
1113,-0.9061047968867308,-0.7859503408449849
1114,-1.6132673911049773,-0.6051849822555283
1115,-0.3288910194057144,-0.5228382536393633
1116,-0.13337379583506798,0.1511519036513484
1117,0.22418181658289446,0.64636935291751
1118,0.8001251740671862,0.2305953727967657
1119,-1.308911026294745,-1.5109193164389207
1120,-0.8332716563154345,0.7463969073864969
1121,0.6915900542310293,-2.3111266798378782
1122,1.3997999395396907,-0.33646260552064083
1123,-0.405473384491807,0.12387800677988604
1124,0.6150321743963876,0.0374632778992498
1125,-0.15672488612782004,0.2847335220694815
1126,-0.05944141906914816,-0.2903711950472865
1127,-1.1301280516396488,1.1924952750302922
1128,-0.15172852496863776,-0.6332970430245374
1129,-0.08062981133701146,0.18051132865994027
1130,-0.6812708229666651,-0.15187765525371918
1131,-1.5640553783231093,-1.6328388758616392
1132,-0.5626606543836244,-0.5318947725072595
1133,0.4460815635129571,0.876511702490092
1134,1.5577296542610448,1.698795885740416
1135,1.4020915320249068,1.5657093955497825
1136,-0.07665045831544559,-0.206696155130326
1137,0.7473177638025722,0.012515246819997685
1138,0.5968443582608665,0.23135374200941197
1139,-0.4649876940575888,1.9463527649992085
1140,-1.8819699111831545,-0.8202001368120669
1141,-0.44215599081103135,0.22777540696373466
1142,0.5436455725402611,0.7604730254543071
1143,1.2431398765147663,0.3568123239626602
1144,0.016245135300568318,-0.08320975281851067
1145,-1.0627903810636672,-0.4690510084211872
1146,-0.17064031151821255,0.9121201551823764
1147,-0.7898113031750522,-0.4270213450130978
1148,1.183854198459241,-0.34410464428565635
1149,-0.7000461311073319,3.0923920892119967
1150,0.4940237739437336,0.7402481927546237
1151,0.2452173009204994,0.8344310848219564
1152,1.5332748869616273,2.3703112260561605
1153,-0.02197345271244719,0.4128986986909113
1154,1.1803833175526142,0.4293938536241077
1155,-0.7320892133231233,-0.16883680904493242
1156,0.05283525527843377,-0.14534382719757516
1157,-0.18022317084982264,0.770777850340953
1158,-0.8662151871819697,0.4963994743402176
1159,1.0378989768127624,-0.6213538083889741
1160,0.2588580640304412,-0.9156168595198794
1161,-1.2994972583462978,1.323626993468179
1162,0.17678692240428895,0.752308543861838
1163,-0.3925400265836631,0.6770576727361051
1164,0.6257020787630988,0.2433968897733351
1165,0.14715023230890065,1.0772224538595123
1166,0.6821882601253386,-1.0718487339389904
1167,2.3024509323483726,0.4117898648910498
1168,-1.2123832387254805,-0.04891809369109805
1169,-0.8941408704708989,0.5682033391902764
1170,1.086411667613223,0.4352918316154771
1171,-0.3006470824232807,1.1585038293012888
1172,-0.3643155975665551,-0.5275124133400189
1173,-0.6097553429473852,-1.3088189840797957
1174,-1.6413208847002851,-0.3190424176048301
1175,-0.015118580400833522,-0.4024114864582052
1176,1.3896585297741957,-0.2980345675640792
1177,-0.3155037432405529,1.3888797817175491
1178,-1.2762310210656191,-0.24852782569783466
1179,0.3451379987626315,-0.8403385579157061
1180,-2.0496084569427757,0.4518749877858452
1181,-0.6840459941102999,0.636534120155149
1182,0.005186893073710582,-0.9362321561317056
1183,-0.2741334784760648,-0.3570759399223032
1184,-0.022126340045721445,-1.3356862085677232
1185,-2.2436545688916567,0.3589064494740029
1186,-1.1624808021308315,0.4071513236535825
1187,1.1105242481588748,0.4038330891840424
1188,-1.255887723980973,0.7209083028110003
1189,1.1028324264205085,0.4917376680285133
1190,0.30152804599076943,-0.7221334318520611
1191,-0.2467470033971948,-1.939241710467433
1192,1.27457428487457,-0.7665098774940934
1193,0.017925250401164022,-0.9933264574452528
1194,2.2375448663481725,0.037136706116455774
1195,1.5663751329749016,-0.7116107626810125
1196,0.14907925087325202,-0.1479827765245929
1197,-0.5270888275455323,0.16725499221539955
1198,-1.1121946062924477,-1.0304264604635354
1199,-0.5180462573713428,-0.262793090152152
1200,-0.14023052255733515,-0.3459184708617144
1201,1.291288356739785,-0.3514988550988958
1202,0.2792936789103035,-1.6990915070307036
1203,-0.3787999436161725,-0.4668599698797551
1204,0.7707108613879471,1.137709302242322
1205,1.3953615640758703,-1.935381638765029
1206,-1.2822832035482212,0.15183880193057964
1207,0.014746266422734713,-1.5104419878147657
1208,-0.5714185198588674,-0.11542571763247622
1209,-0.556111988828927,1.217607706715635
1210,-0.21927233471092994,-0.18902819082305927
1211,-1.1424961567191958,1.4916114916078798
1212,-1.0087992324969628,3.5259914095639373
1213,1.5555316002621569,2.80154502883796
1214,-1.6066939801574542,0.6563681265777944
1215,0.3976424545226562,-1.154654960597297
1216,0.17159416903734062,-1.1177319572582354
1217,-0.8146573194856213,0.18960495859488335
1218,-0.6587069332992209,0.5456673673529912
1219,0.7062030925711159,-2.002446421364858
1220,1.1903062770649766,0.3902132580282785
1221,1.2364937296057956,1.1915421508226949
1222,-2.017857342150281,0.27868083186027665
1223,-0.19632576225088386,0.8414325660962166
1224,-0.7873587114619077,1.9936291580887795
1225,0.19839501666768986,-0.023129366284684136
1226,-1.125803804245025,-0.0451929909585077
1227,0.8329755597325998,-0.8286562713476432
1228,0.5480771522688626,-0.0021639204126983817
1229,0.708897978989427,-1.3072716826730288
1230,-0.5748521324576503,1.0741309607935827
1231,-1.1781364496174591,-1.473924056328537
1232,1.2245061431149218,0.5631962590283779
1233,0.7103341242635015,0.5917505286714089
1234,-0.5777096768809491,-0.5632058173608988
1235,-0.6833837445674327,-0.2662031872384931
1236,-1.6380331057792101,0.7798579516699059
1237,0.15881092193037286,-1.086050684588006
1238,1.1110450615453842,1.2999385396201788
1239,-0.09110697826021773,0.3473220384043143
1240,0.6586564926412767,0.6175955004603709
1241,-2.397198295932511,-0.10454003238934408
1242,0.7563087266936981,0.08942347809890568
1243,0.2246857987129832,0.3247358884118713
1244,-0.9645900952245051,-1.2245177737410575
1245,-0.5492188343080279,0.5103366782077394
1246,0.7916421334109841,-0.533830181580115
1247,-0.5281160387242506,-0.8575198802523606
1248,-0.08667171176731545,-0.07604378232453614
1249,-1.5254586974401183,-0.19231660014212784
1250,0.5050016979536744,2.878651096120661
1251,0.691268654239342,-0.9024402055235218
1252,-2.8608021308984823,-0.9965260273708773
1253,1.1760617009550525,-1.070811072668464
1254,-1.419192778811897,-1.4367322168620908
1255,0.9889865655712587,1.1774317568284574
1256,-1.3141390373661062,-0.26198191854065944
1257,-0.7016247224425327,1.2883369509294464
1258,0.8692542101096197,0.5219209741472847
1259,0.4102899090095459,0.9171062717131476
1260,-1.269615297014837,0.09973090963865963
1261,0.24827952687444496,0.7506961741745558
1262,-0.2384145138105113,0.1268724127783629
1263,0.9499175637539292,0.029934079398691076
1264,0.13448689073836098,0.4741760059634512
1265,-1.3361460788947823,0.2753025022333385
1266,0.8676820596597725,0.5064630535680451
1267,-0.8685974869278559,0.4867312906792841
1268,-1.7655526251457136,0.9798191365370362
1269,-0.35953116979475136,1.213258114805916
1270,-0.42151412423523577,0.5827239897851237
1271,0.3404468800792135,-0.6227302378440287
1272,-0.8898450017119018,1.19988435160339
1273,-0.5716077571599973,-0.3112852764022465
1274,0.6192631911011727,0.8620904708228099
1275,-1.796285547304591,-1.7828147195170243
1276,0.5376807507773719,-0.8013585706949323
1277,-0.0033458479041667648,1.0926233989618728
1278,-0.2091763605457204,-0.5200054795030956
1279,1.1399586382600968,1.2267302347812772
1280,1.3833265478539636,-1.8516038766040268
1281,-0.8394178785686532,1.1057351453504736
1282,-0.13307296410082406,1.2649242525158138
1283,-0.5842762745664086,-1.4615992703730034
1284,0.9836615305393728,-1.2575400353937494
1285,-1.8849898794597524,0.2469553490896181
1286,1.3912809922557978,0.6856525701003858
1287,-0.37450953821120375,1.083317147980169
1288,0.7056318596862108,0.8389942308206413
1289,-0.8009144313998565,0.06927470418628087
1290,-0.7275561354093306,-1.6061288052080565
1291,-1.2320395481859805,-0.7470976864917127
1292,0.08571283349327997,0.7405030958533393
1293,0.5255321897453062,0.21103071653016392
1294,-0.4416776974626687,0.038001491815122274
1295,0.6586146077950856,-0.44537525943637696
1296,0.02012695513296864,-0.9724295438867322
1297,0.6437308351640331,-0.3822310262154592
1298,-1.1665567202002471,-1.0247304192225437
1299,0.4422226807257186,0.28361734289694585
1300,-0.4174705068730519,1.0794335216230952
1301,0.3894926860324841,-0.3600609649441993
1302,0.9618653008306528,-1.0422491197836479
1303,1.7828490389031313,-0.3269227751370043
1304,-0.4915856674157154,2.084175090520934
1305,-0.06480754492621961,-2.045283164438447
1306,-0.3185147244819591,-0.22051400604115545
1307,1.140071004950051,0.021194652169836545
1308,-1.470697628157877,-0.4730746052823406
1309,-0.5616872154349878,1.8412131182004168
1310,-0.2573894923133805,-0.8734003191215229
1311,0.2271185672459128,0.9837202060032896
1312,1.634635829864096,-1.2238276900364942
1313,-0.07377842427575508,1.0240892058390278
1314,-0.2740622210571536,-0.5695306799791119
1315,0.605631976498134,-0.3126166599493517
1316,-0.8231702779638701,0.29527872217991474
1317,1.141046161180984,-0.8179317876713875
1318,0.8038338211279326,0.3848684872381415
1319,-1.4819235136669493,0.7797960335090498
1320,-1.1693059309136131,-1.1271371657522835
1321,0.6523254240837597,1.2849720937370048
1322,0.5649497549274446,0.9805608262043196
1323,0.2617704718199652,2.53601140773966
1324,0.4450775630011311,2.004652166285366
1325,-0.008635347868496205,-1.4778888365217528
1326,-1.005667632964446,0.9504714873976776
1327,-1.8487919673004367,0.8084470899731399
1328,0.3645458065424904,-0.41176876929386136
1329,-0.8887452981175104,1.667915592986957
1330,-0.879668532220013,-1.5593978689046852
1331,-0.7233807337209155,0.7397921667537507
1332,0.4023798572701216,1.0131580023236428
1333,0.7704196297215262,-1.2032065400559706
1334,1.4895955557463183,-1.5708740401256305
1335,0.7576740873685198,-0.4608437558246415
1336,-0.5298435701639536,0.8277783916307198
1337,-1.1186710553442936,0.5898548889061431
1338,0.0917892849451234,-1.5481128855487645
1339,-1.1592696262085218,-0.4085197444931955
1340,-0.225737227917728,-0.9551117971337716
1341,0.4881300732317197,-0.9714045663588028
1342,-1.2409413546222257,0.6413242712227155
1343,-0.9835640323076096,0.39408651370175946
1344,-0.26191683471214977,0.894097953662407
1345,-2.8262346236132547,-0.23736764425628745
1346,0.9472862574485842,0.32226827128324625
1347,0.6608899917145784,-1.8613817363042744
1348,-1.4851067823453314,-0.4822821647341788
1349,1.1198504091838553,-0.8436507423858606
1350,-0.5323107680202629,-2.072178979155259
1351,-1.1712328593837675,0.4491572005830925
1352,1.3885755740529533,0.3570110977012365
1353,0.4964262584745972,1.022612245264277
1354,0.5838488005689455,-0.41218010132234506
1355,0.6091175637902053,-1.0891837695051447
1356,0.7717851697186215,0.5266621929896959
1357,0.13346006038429384,1.2978114560249985
1358,-0.9326564849025502,0.0233452686977469
1359,0.7824602489187095,-0.9236667126544386
1360,1.0116307044225432,-0.8385292519330763
1361,0.8387758070652113,0.608534245684812
1362,-0.6834938553461771,0.1801128373145939
1363,-0.3646424434370616,-0.9764715030627841
1364,0.5594523123135977,-0.6384722536602763
1365,-0.7360006935857718,0.9695177348783504
1366,1.4853020139337174,-0.6779212093033467
1367,-0.3015007713810978,-0.20187123748494315
1368,-0.25615888691404376,0.6715820246985921
1369,0.3987043480126112,0.0634706939100611
1370,-0.3553745289246808,1.052146008241256
1371,-1.5729173323996184,-1.32842116083329
1372,0.7482316944678153,-0.7270234647118221
1373,1.8952816773226624,0.11079750212110297
1374,1.0573976865122918,0.34298842390813994
1375,0.9539283684868801,-1.2714580507235111
1376,-1.5111548928695684,-0.03655468726868463
1377,0.4127153442140477,-0.4718134008604044
1378,-0.20309070838259205,1.5577530052635429
1379,-1.5255728605130838,-1.0917143220451042
1380,0.26955989631009314,-1.3982419150566885
1381,0.6106395385166369,-0.06318821834523004
1382,-3.248582423478643,1.6749662540136618
1383,0.5980577679187551,-0.08017042063737556
1384,-2.317472200633186,-2.096504544041613
1385,0.052363795684230316,-0.666439518803377
1386,0.4060563722364599,0.4748293076102403
1387,-1.0577468380525064,1.3179406534285991
1388,0.6272074008088786,0.1360129616760383
1389,0.1246525123033062,0.15416749586720532
1390,-0.22065454402546333,0.4599056162365901
1391,-2.2241989205206747,-0.2836499010138407
1392,-0.06601613968660333,0.26479264529206503
1393,-0.238340136734282,0.47815330897350294
1394,-0.8329802425437778,1.0488773554113666
1395,-0.15626666540031914,-0.07761170739853579
1396,-0.598579635997151,-0.07896699539481257
1397,-0.2616961198431494,-0.42076059907237856
1398,-0.4129395551791521,0.8968905183260226
1399,-3.032808318830124,1.151825921665098
1400,0.3604302623274056,-1.0701994221597892
1401,-1.1007671456229502,-1.9766563329629712
1402,1.3431746961924074,-0.7163816618152204
1403,-0.4403095832538933,-0.5379209812650376
1404,0.8898154286460489,0.6949149944156586
1405,0.2685891657368174,1.1851981926672976
1406,-1.3901404353642173,0.2064489663350585
1407,1.299638035385685,-1.8748667265186538
1408,-1.4805156686917835,-0.8207024210693953
1409,0.04056020307421775,-0.20139780777288924
1410,-0.9498210924703776,-0.596588213882751
1411,0.2616769890264797,-1.2010018023374402
1412,0.9425241920739351,0.014705473224485344
1413,-0.4342580989418661,-2.403584834160471
1414,-0.3131257465240681,0.7588830560101547
1415,-0.7435640001164897,0.502895067734733
1416,0.3464569438822171,-1.3753370148102986
1417,-0.6308614671385527,-0.880712629919864
1418,1.2165560525398067,0.2563003797271564
1419,0.523608215329784,0.9560965894811736
1420,-1.4411639760238406,1.314585765020051
1421,0.5966674799381113,-0.6028202735350214
1422,-1.7385121381765178,0.7645991945058849
1423,1.334845629430854,-1.1566400967802015
1424,0.1166617612197402,-1.0226780324846343
1425,-0.8737996776991219,2.121572775227836
1426,0.4608473206609234,-0.970531309295438
1427,0.3907909652972751,0.980707679683812
1428,2.5937083852671794,-0.22763662283560904
1429,0.9542534914287104,-0.4266156866003124
1430,-0.8546719170150543,0.09250075871592077
1431,0.21704519838171707,1.1902852131692645
1432,0.4514339778030288,2.475510875776634
1433,-0.02841622920620537,-0.09854449121582716
1434,0.2148089426785316,-0.8025783421629358
1435,0.9648428724637912,-0.1125318196518104
1436,-1.0427866731449824,-1.0955845268589834
1437,0.7299775873729121,0.4285228762619441
1438,0.08575852135304199,0.2250462449270268
1439,-1.2540181240701802,-1.427913443987352
1440,-1.5369556131206414,0.4102697471388919
1441,0.26064156950204875,0.7413432339501042
1442,0.8202083512428175,1.22174772426499
1443,-0.8391059038294988,-0.7250086750433159
1444,-1.2258175685501749,0.3752570207746089
1445,0.5236461430141135,0.2801826989937765
1446,-2.315136780793873,-0.3973599973989232
1447,0.13811190515436006,-1.2614540302373305
1448,0.8076837631002257,0.8357110830486448
1449,-1.3505517251833985,-0.675573474851743
1450,-0.3434212743381529,0.18030039450100224
1451,-1.442485657053561,-1.4330636635449063
1452,0.10984620875752292,-1.965447840674578
1453,0.4249270800186,0.19144275806920896
1454,1.060843724791564,-0.4101629878848164
1455,-0.2156465136441054,1.0422498611269937
1456,-0.2522814138884372,1.37131556472807
1457,0.6874501297381082,1.0339913951947532
1458,0.16066144891915893,1.752666805151179
1459,-0.31993214557074795,-0.4924574917673816
1460,0.060334153958611615,0.37582499349600457
1461,1.3224855967993767,0.5561978635973008
1462,-0.9771315843264918,0.4039362984722577
1463,0.1335647526997195,-0.18378775379167356
1464,-0.07050088606880611,-0.3068724311788236
1465,-0.1880682109835112,-1.0038666349795706
1466,0.7094441666285295,-0.06886770178124782
1467,0.001464213611600815,-2.8812085234353053
1468,-0.1708922617473518,-0.4683805140225057
1469,1.495263053347968,1.7741182484441618
1470,2.574792791801662,-1.110325981737713
1471,0.9775196922747394,-0.36859505438850415
1472,-0.3331939804430845,0.12338173474077567
1473,-0.7521714048081714,0.0534145718514928
1474,-0.0854090355560376,0.16146618800864262
1475,-0.2127773137241596,-1.16271261282614
1476,-0.05988110109215785,1.5669801803557457
1477,0.4352934136564343,-2.187996636384864
1478,-0.7119191805770516,1.062870711662373
1479,0.5195176107587943,0.4712903044632053
1480,1.7331932775056502,-1.4081806413417746
1481,0.2955659839089565,0.5577385767341292
1482,0.23858253532965845,-0.5620271117525815
1483,-0.3934902994986092,-1.8009305047053048
1484,0.17744876785265815,0.8741989335450918
1485,0.3026084932424185,0.8814035479155157
1486,-0.1346153668826065,0.490959650417013
1487,0.7198375572373545,1.3102190944980845
1488,-0.7036114083349225,-0.7917853700783177
1489,0.2018713599069095,-0.18210714736308628
1490,0.7670837306131918,0.6813090126408266
1491,0.34667981706727713,0.05991582380842216
1492,-0.3856387275639404,0.12149762392195505
1493,-1.617477381480575,-0.6441936082313621
1494,0.06338259132709502,0.8843666663731745
1495,1.4586188668087627,0.8104517150909705
1496,0.5272787278239032,1.3521225474063838
1497,0.07016416428563146,-1.4715002106067891
1498,-0.8411601994239759,-0.3345745328983165
1499,1.2554831735390295,-0.4691936997448305
1500,-0.5551409607415649,0.04695102377800794
1501,0.40947256616707467,-0.08206580162210166
1502,0.9660349270960998,-1.6439016507969118
1503,-0.5095930523189685,-0.03763210211103436
1504,0.5462513107348096,0.4893914836066686
1505,-0.2823257320768106,-0.21323137416190696
1506,0.6271708903513463,0.03202528306757789
1507,0.2909361148025324,0.10905101479064734
1508,-0.4051093245112388,-1.0275519793468826
1509,0.5945818343127457,0.8992903031391339
1510,1.1889212924262391,-0.35705728601157954
1511,2.2632799523830482,0.16751603477273186
1512,-1.4909177541590684,-0.5334353851706045
1513,0.1565692920358938,0.5040347457859652
1514,0.007234472753254291,0.4763536002915619
1515,-1.1693976248139608,1.5444004420439532
1516,-0.20809262174938967,-2.0193081664491683
1517,-1.1532941425328935,-0.6042489853040568
1518,0.5473091259733358,-0.9647462241368364
1519,0.23247726985712625,-0.8451297215798594
1520,0.24499477425432226,-1.089126162796819
1521,0.4934752919449084,0.8671580417890049
1522,0.7650293678185315,-0.39490830743679706
1523,0.9738142329918276,-0.31908585624353586
1524,-0.6909434579104495,0.16756249606928916
1525,0.4333851986485578,0.6711900073255502
1526,-1.3438188309691277,-0.2757288671573284
1527,-1.5903592007319662,0.3356402035159129
1528,-1.2619807471478521,-0.22363357933466105
1529,0.5413480275879441,0.6440205066275791
1530,-0.20940667699866025,0.2938523927541721
1531,-0.5097553730929723,-0.1274047118916824
1532,-0.32427598280466663,1.5686672414385052
1533,0.8037615536061505,-0.4188171095493964
1534,1.171090195050803,1.0820854954030863
1535,0.8690312643846584,-2.5668950324347506
1536,-1.8333350746818533,0.00724364918877185
1537,-1.1566258962539429,0.2369880613236464
1538,0.0504215611958531,-1.0870155838245403
1539,-0.5587529025453936,-1.183747852502487
1540,-0.4227875600729452,-0.21225649733935648
1541,1.4577646786977474,1.4273239431329727
1542,0.29112621269226496,-1.3026929126329516
1543,0.3007120588929028,-1.3188569939937664
1544,-1.832798242000056,0.34865109206287803
1545,-0.8896467055102397,-1.7097226783714663
1546,-0.2991243460034935,-0.5391504888526987
1547,-0.19598229311710091,-1.0492552635523362
1548,-1.1208895182077965,0.2438179807266379
1549,0.8238171549534659,-1.3834375186382897
1550,-0.048298733539761135,1.415937826091035
1551,-1.3400489549891397,-0.5372430406139437
1552,-0.016311472002932897,1.0172384558468242
1553,-0.6958995650458729,-0.2663772404701353
1554,-0.6637420292198084,0.0012214622497256215
1555,-0.6428118881226297,-2.309877777301687
1556,-1.7282061654565135,-0.8652339197065924
1557,0.05141804521725712,2.4154466948994204
1558,0.8381374585583569,0.3249437335858836
1559,0.10832407317814924,0.8282274793818133
1560,-1.5214380970397434,1.3301268561714858
1561,1.1840047879159985,0.9903091232665036
1562,-0.4337854509025664,0.5335222796136841
1563,-1.5362006056159048,1.1904865453381799
1564,-0.5026435089187966,0.2981568126496528
1565,0.17756793850837022,-0.4092753227639289
1566,0.7482821655809812,0.4602313678050749
1567,-1.0972626234051066,-1.1423273382886516
1568,1.6744389135327842,1.9253329934274557
1569,0.20178820097868566,1.5560553026517236
1570,-1.6553520339172263,0.34146031887740796
1571,0.16079259083500266,-0.3830661080035999
1572,-0.13978322203647775,-0.8520054329209455
1573,0.18681580808595186,-1.8110492436081091
1574,1.4935008043079934,-0.6436396769891325
1575,-1.3892908702729452,-0.5058185091009891
1576,1.038291603007641,-1.7276584945510929
1577,-0.5158074203441332,0.3462788831238188
1578,-0.02798650171520954,-0.8183146907215142
1579,1.4715963317755398,1.5401920251702292
1580,0.4921506322642527,-0.819294770171024
1581,0.01566779999379203,1.7912957538765903
1582,-1.4019638316241934,-1.1753418903466872
1583,0.501279102428961,0.8594550882951401
1584,-1.5430740633557516,-0.6449989000250201
1585,-0.5609317430370147,1.239219271835745
1586,-1.8835774560734144,1.060512845975752
1587,0.2215604571306969,-0.6108415572266908
1588,0.8275660985948453,-1.3419729960273046
1589,1.1722429936587342,0.7590509497568687
1590,-0.3494704952066214,0.6764913586342886
1591,-0.050044264901326886,0.841246572849796
1592,-1.9075938466664124,0.4952774347255759
1593,-0.9212469199489312,-0.8529116835729643
1594,0.0847255319708647,0.44531998821468816
1595,0.6182975091848626,1.1903360630829831
1596,-0.18574471425338435,0.5360201308247394
1597,-0.6072084760352843,2.1893383410722653
1598,1.1710565999078255,0.6085799693917159
1599,0.4502005828727357,-0.02615232232026114
1600,0.04157524049659605,0.6212042751023062
1601,0.6489775796656068,-0.8374638129082533
1602,0.8053499439097735,-1.043463535215705
1603,-0.16301685117052206,1.223320532480919
1604,-0.6606917274269106,-0.8052090366419546
1605,-0.30559280173168796,-0.7157472458158013
1606,-1.5452692293754358,0.2923458950873289
1607,1.2908461777872997,0.6737190319984478
1608,-0.8828326160923672,-1.0536540280925348
1609,-0.448940800250086,-0.021237101792352917
1610,1.5552326107394754,1.904081103734176
1611,0.2927372649477964,-0.8007684027825321
1612,-0.4116563961663469,0.5005998314212963
1613,1.3543549611272374,2.18985178017715
1614,0.4737156854134316,-1.6218646177838043
1615,0.07073402891994247,-0.8327626008480454
1616,-0.3120329740196789,0.012622865120801014
1617,1.2125549902786528,1.042992548376925
1618,1.7832327286828165,-0.15651028864837946
1619,0.02415134514705744,0.7382615022991168
1620,-0.3043339894470331,-0.06192915660848922
1621,0.7864156051125055,0.2447475428151585
1622,-0.1231966659019308,-0.9844408517747968
1623,-1.7971898044133463,0.3687783729496517
1624,0.6641843803216881,0.3345725430200255
1625,0.049385817586255085,-1.7283616531806203
1626,1.2075921684364377,-0.3971934473087289
1627,0.8222372009776385,0.05811127981505819
1628,-3.3711360817053224,-0.5057168058879855
1629,2.484406137184342,-1.1660457584726642
1630,0.7556159162057791,-0.34848725054788066
1631,0.09500342485996603,0.6738392838561365
1632,0.7402336915298092,0.472845576159884
1633,0.9331417204348575,0.9464425115955998
1634,0.2567798996836526,0.16460867224499612
1635,-1.0397643765543598,2.3635529731645506
1636,1.1658943304713998,-2.582110707304624
1637,-0.015014904621342218,0.9695947707829221
1638,-0.9274869850201168,-0.30217365931521417
1639,-0.7581734538750915,-0.602685477228766
1640,-1.1258142107898337,0.1679590281479591
1641,1.1179055199425376,-0.7626097438327513
1642,0.6936511622484182,-1.7044754569411158
1643,0.9505360703097936,-0.4899023824789757
1644,-1.4245069740114715,0.7132417973802513
1645,0.14414834198347934,0.9781346867290394
1646,0.2322614548405641,0.6829832761740264
1647,-1.2870613002409803,-1.3874948961878932
1648,0.2794710727591148,-1.2636990753377588
1649,-1.0945740790847158,-0.3265541265449988
1650,0.576786154847107,-0.5802118749689205
1651,-0.39247031513833097,-1.6919917817174313
1652,-1.427983558234238,0.4727869825552606
1653,0.6118093865091042,-0.059127938551538965
1654,-0.3899523057717797,-0.0044465770280525075
1655,-2.202088807406261,-0.32405889167641505
1656,-1.187133305434583,-0.9583653684995056
1657,0.2925145258487617,1.3041134612202212
1658,-0.7778821937391306,-1.9844465152539
1659,0.13624362114376176,1.0299426810525505
1660,1.4993016261545131,1.4632282646304409
1661,-1.4875020790793716,-1.199348300182937
1662,-0.10626365763444172,-0.9416387106924522
1663,-0.8170415252927284,1.8585307275565317
1664,0.10984690113546416,-0.4365771622921721
1665,-0.2252980211190546,0.8793536921482199
1666,-0.8399637257015947,-0.7529068497840494
1667,-0.8600072805164352,-1.070817752562817
1668,2.2208690455205344,-1.2788209110323336
1669,0.9692708218945376,-0.19258000670036346
1670,1.8099368487898695,0.764810955149772
1671,-0.15434294714645894,-1.1350136383248028
1672,-1.0791505836238555,-1.2750062358854521
1673,-0.1134343345968544,0.8337839413538431
1674,-0.22805976434387445,0.5008914642210163
1675,-0.11524078687037567,0.04012268849161384
1676,0.703215615364549,-0.5421315469736391
1677,-1.8631829415624699,-0.2724782728868413
1678,1.3731534640489391,-0.1005444531570972
1679,-0.5092519231878508,-0.7143961128042888
1680,-0.2818610094348027,0.6372808726838952
1681,0.4592682489677263,1.1322852746328702
1682,0.27814839533993696,1.7860382301535922
1683,0.8134560083362157,-0.5132077224208271
1684,-0.1947486330757742,0.5111507944284135
1685,-0.8502280930073943,-0.4014266166987455
1686,-1.7791395213380925,-0.548059496187549
1687,1.0262134386589767,0.2222161238081108
1688,1.3066129118386247,1.1869486874142994
1689,-0.9522583942485092,0.5703730218076521
1690,0.5123164990410015,1.8106228110074776
1691,0.03613137625963167,1.5419173610866783
1692,-1.7881664127925512,0.13938458940568954
1693,-0.10598636389564664,0.5269496431688443
1694,-0.7974996050327797,-0.9575140267478102
1695,0.4501918358539685,1.8986347169993727
1696,-0.4911248374934104,-1.970810256248085
1697,0.6004738084517393,0.3544489480244711
1698,0.43830874686216703,-0.233345032577542
1699,-0.7010821753965183,-0.09886964277662963
1700,-0.21320033965464666,0.3667940184540584
1701,0.5420297202750798,-0.16929665439802238
1702,-0.834676135026221,-0.9815059048486812
1703,0.4506502782609199,1.6843501645789904
1704,0.7132988494379718,0.30448209472974025
1705,-1.0673096710022592,2.434024491394076
1706,0.007156851623685684,-1.5253219324253646
1707,1.7166437674625223,-0.05050347011204467
1708,1.2334093005182272,0.03459623741137163
1709,0.17859164985891826,-0.02997583027591595
1710,-0.5463481421123481,-0.4532785940635566
1711,-0.5598253507983575,1.2541997459050245
1712,0.04370721799887349,0.6403914944138738
1713,0.9675972158950726,1.4696864410432064
1714,-0.4671612136890924,-1.0023637300181791
1715,1.7465282623421146,0.25903973018585297
1716,-0.8421101175094121,1.354929500344778
1717,-0.5353352728628641,0.2985935593777376
1718,0.3200094324747377,1.1643386478435425
1719,-0.9086336658898588,0.3805105221752068
1720,-0.4208925554562129,1.445290175980064
1721,2.2009708097174925,-2.3597726715547784
1722,0.860835336231579,1.2154653797058603
1723,-3.3269578001837017,0.9360475018560208
1724,0.3477138377656163,1.4090922400628514
1725,-0.7692985085304321,0.2194913225824723
1726,-0.8303828767986773,0.8918057476111498
1727,1.7782712405271563,0.9219742455474264
1728,-0.2507351463915003,0.6692785460591488
1729,0.5019574918512654,-0.18683570915416453
1730,0.5785724871235225,0.6467790955140018
1731,0.950981239700666,0.5176446865540563
1732,-0.7412287583667936,0.08868360978337743
1733,0.2348234982251513,1.6878216194692142
1734,-0.22565654534167656,0.6056291917185221
1735,0.9123674756255012,-0.7044168433384567
1736,-0.3454775025448601,-0.6104386643818638
1737,0.1948289635719825,0.6684283730800429
1738,0.8174463891938339,0.6810032453007265
1739,1.0660389755260455,0.003206358917038302
1740,1.3461646474924027,-1.0233752767542703
1741,0.5071483347063299,1.1761608161011003
1742,0.3190924040623441,-0.7924803274143499
1743,-0.2745582633605216,-1.5312073637598025
1744,-1.2936986612869594,-0.3749798776265802
1745,-0.852146466874124,1.2574630618927385
1746,1.7628149272116989,-1.7430695856471008
1747,0.5488259047682065,-0.9915976534062976
1748,-0.3346355406963224,0.0011729780058012682
1749,0.009934168184800729,-2.0788989362475734
1750,2.1311553045812173,-1.176926027340629
1751,1.2443872363030837,-0.5261535397441078
1752,1.7706488646685121,0.6519575087399628
1753,0.20019812961829225,-0.8425684005248331
1754,-0.8618778836443212,-0.4991127290633826
1755,1.4281487458357691,-1.3854821755271058
1756,1.2034955659820068,0.8747507987194765
1757,-1.2892725887004164,1.3715529760130654
1758,-1.4375735936369676,1.5887859152508397
1759,2.642007494259896,1.1087396546157626
1760,-0.20497249476375748,-0.8696269393050822
1761,0.27755665614202263,1.3573687622712536
1762,0.18791077327442107,1.036719560628823
1763,0.7898525888559403,0.6184553420003497
1764,0.4711908168456805,0.1892255738442026
1765,1.5971890769558326,0.933404149080022
1766,-0.8876473208767822,-1.6639917486536009
1767,-0.3398736584019577,-0.8499084288789704
1768,-2.1949556811785604,-1.7303841550851542
1769,0.07105031570717861,-0.42796450319357615
1770,0.4359124437298159,-0.8919892478096071
1771,0.0583367779783564,-0.18787299832151846
1772,1.1346875545073722,-0.7984201268696844
1773,1.001302041013167,-0.14373454643785638
1774,-1.091249273942832,0.9340410330279628
1775,-0.10401380043612107,0.7084799655158259
1776,1.1720174863411723,-0.06700255481310911
1777,0.4482909279652305,0.36203854206994585
1778,0.990024355981652,0.95453272869483
1779,0.6471454685137875,-1.1915073393042792
1780,0.941392108977326,1.557445311846134
1781,0.4875646246916133,-2.1059054872268987
1782,-0.2022564893238187,-0.7026354186497941
1783,-1.0562067659492884,1.602626273179362
1784,0.3115405801227725,0.2252795954297913
1785,0.6910469954323112,-1.5637582527818443
1786,1.9821841994328728,-1.2044872912348479
1787,-1.0071515019718815,-0.3795686990057664
1788,-0.9111521459755224,2.192283677771279
1789,-0.6337869561137303,-0.7353943329873827
1790,-1.2867183925871242,-0.5262788036098206
1791,1.1275032800048534,1.1271941537946255
1792,0.715656771486938,0.3383435933202373
1793,-1.0998786863348822,0.4511956488348642
1794,-0.6856066451821244,0.7328213182406177
1795,1.206769548463161,-0.5617107015765213
1796,1.6955238417166425,0.21629471458850724
1797,1.2302795599413336,-0.45893994184429293
1798,-0.6929775991531971,-0.07353937758533557
1799,0.8359182508095855,0.6006901669566963
1800,1.1357331592265814,1.1408485515513271
1801,0.29139077702239724,0.09406326464472717
1802,0.5400672012976659,-0.5078076711723604
1803,0.34577122729421256,0.09301979532890534
1804,-1.1292393360580355,0.4462561740729716
1805,0.6414449929898871,0.4836209242458255
1806,0.2408643294770908,0.8415798953490167
1807,-0.19746764733174227,0.6255264684277526
1808,-0.8515305037358956,1.0315462778956153
1809,-0.10050348956626956,-0.17873849943600806
1810,0.8757462891496551,0.9798984382865156
1811,-1.154782088602681,-0.6097060687461153
1812,-0.3739443709927538,0.3802255180534839
1813,0.7975647953157924,0.9458904886638824
1814,-1.0656195473355066,0.34746478329088304
1815,-0.3499453269078136,1.8875059626134023
1816,0.4662160852254697,-1.1839617649433545
1817,-1.3466687187042627,0.3816738407901499
1818,0.3098391191452477,-0.4515819951203436
1819,-0.6912766058749966,1.1617723972903764
1820,1.0665676577340502,-1.1340703434634505
1821,0.2574084098350325,1.2367690970749172
1822,-0.561648880699884,-0.606124596919521
1823,0.8919986328138221,-0.5700939671990483
1824,0.4392175041335856,-0.6869917980143804
1825,-0.21974012180715854,1.1460584060790562
1826,0.9310290587229344,0.4287115217602521
1827,0.3041753033885224,-1.8881493914815852
1828,-0.8596401265930662,1.774027165675898
1829,1.068114884223633,1.0290031841292422
1830,-0.4744382878665506,0.1287925880137923
1831,-0.5898585403028562,0.8235589631463888
1832,0.9655289990196924,-0.5473239846453694
1833,0.0831016284296256,-0.3406943986618638
1834,-0.11053889840089301,-0.06128133907192328
1835,-1.9231698669096464,-1.5251040895066288
1836,0.04093565124566488,1.4887007264249823
1837,-1.4804261213983718,1.9999828699798199
1838,-0.8661603398506528,-0.5390528205491943
1839,0.5604908319233609,0.4388585990285319
1840,-0.06547010198145366,-1.003322187549612
1841,0.671030766374649,1.3365274821948776
1842,0.9937469676770244,1.072144128845831
1843,0.4714363214152711,-0.3805603276524332
1844,-0.9971363766306616,1.3525607531818435
1845,0.29408027457120955,-0.05744516301119175
1846,0.037343326902712144,-0.5343437687360317
1847,-2.271218485489775,-0.8413330464428757
1848,1.5020729844864285,-0.6154378518442394
1849,0.04882742093999786,0.15591466722985606
1850,-0.6531614381582902,-0.23288654174748566
1851,1.9908186992961268,0.7317161906457472
1852,-0.19143111207617064,-0.008653942915840927
1853,0.6491856897900843,-2.0024440486270887
1854,1.274326255247226,-0.2661637235081721
1855,-1.6116043580708133,-0.7032341734140847
1856,0.6477610240280924,0.4686480160730523
1857,1.679080199104397,1.3453122362989358
1858,-0.8712309985674468,1.1850930782192972
1859,0.7015281167572857,-0.3937153148282026
1860,-0.2377329404681095,-0.2418136156297544
1861,1.0724732302089846,0.9616621079327689
1862,0.6293879785370111,0.37987851975609693
1863,0.5024780204156835,0.3515617492630728
1864,1.0650057475612098,1.6078921366925207
1865,-0.3162102429761652,-0.5159558568330681
1866,-0.3270782202654112,0.5639580533623858
1867,-0.2399834053150787,-2.2525434846197294
1868,-0.3389033110008456,0.7791228045595319
1869,-0.3287022467343838,-1.249568977614056
1870,-1.55101452524637,0.11559083676855232
1871,1.4009743049509975,1.3002759692493513
1872,0.5827814758718733,-1.0683362971259736
1873,0.041444094284348254,0.10622359188495308
1874,1.3671978221359302,0.036690362828256926
1875,0.3399940979829186,-0.40808848254563546
1876,-0.4190185540507829,0.05040828805420002
1877,-2.33171430883689,1.5175044553160124
1878,-2.250918884527874,2.054132922243999
1879,-0.7984902321283182,-1.9217316427050648
1880,1.1633009464749668,-0.1166063613774912
1881,0.15934091733986075,-1.9210652791244667
1882,0.6373277959476941,1.1530322967955275
1883,-0.3239744921067744,1.9479988168028293
1884,1.2512483255013798,-0.2674322555602486
1885,-0.9701096003062948,0.9218213962751121
1886,0.9177156699677068,1.1245126260831564
1887,-2.1155439794058504,0.37021187967218294
1888,0.5391314337243905,-0.03007480433557566
1889,-2.022907422266913,1.8131776653965077
1890,-0.022273438930720348,-0.20968399995865825
1891,0.4324432234056296,-0.675757002328243
1892,0.4794376789715682,0.8482907296131046
1893,1.4045589711100623,-0.3525787182963471
1894,-1.013616110628042,-0.17678321707498093
1895,0.1826770016931126,1.5968642092713634
1896,0.8990178417785933,-1.536545473580799
1897,-0.5805524942702674,2.086767341135477
1898,0.5124748181957051,1.1985163689079883
1899,1.1948036902541488,0.8628384716810401
1900,0.10542984935137632,0.2396741641254016
1901,-0.17994162619904613,0.7363515569574502
1902,-0.5137623633241006,0.12411280133020025
1903,-2.3176427658579173,0.27671312346211946
1904,1.326811343232798,-0.048513693618782064
1905,0.15217878876131005,0.3980685905484069
1906,0.11592862087979172,0.9153059380959832
1907,-0.27753473241723736,0.7722676355115691
1908,0.9060462378265458,0.8972403073096648
1909,0.004079389686374578,-1.3022646185765747
1910,0.4173765730701759,-0.3447298589949696
1911,0.0761914099016742,0.5383870147212964
1912,-1.5025082001546055,0.031669464920136
1913,-0.4564202315462213,0.2756779861250043
1914,1.2927766565086392,0.5146222222577328
1915,0.4921115277462589,1.6157235490931705
1916,-1.0285044024164531,0.9031511509209444
1917,-0.4659161770090554,-0.5465241151297601
1918,0.13188092398233126,-1.1300784890726154
1919,-0.460539543978769,1.1541480490691949
1920,-1.1196631974143016,0.10298302002198202
1921,1.2991144068709881,3.334617624475839
1922,-1.3571411509521234,0.7735484644072941
1923,-1.5382945873217673,0.6915375505581366
1924,-0.4751124915220775,-0.2652473023126882
1925,-0.8137495300475964,-0.04741976040062603
1926,0.2767292393301636,0.4576030299972598
1927,1.2927993307785115,-0.2937695774073815
1928,0.35135973501458906,0.9399996364866786
1929,0.056142180067438464,-1.1961075311136435
1930,-0.1326957008038872,0.8973644294174417
1931,-0.8382913912060553,-0.9047596410558992
1932,0.4306853783684586,0.5185108421041069
1933,0.4637674816963301,0.4239615986541118
1934,1.0122543111606357,-1.1614323066021623
1935,-1.0929749847961212,0.9289853487359132
1936,0.9270809403750068,0.2655980430521657
1937,0.22113239017398426,1.0405803719722644
1938,-0.14559741234663004,-0.14185454471905973
1939,0.4883760159506404,-0.286957994559532
1940,-1.0716127409225464,-0.3843183053526729
1941,1.9663629599442198,0.6914788633554976
1942,-1.5290769701125562,-0.7132287031081771
1943,-0.27130702457758804,0.3236065090685602
1944,-0.21327957444079304,1.4632930720433128
1945,-0.017884899640641917,0.3120471072083753
1946,-0.1593368127888799,-0.9943725659362479
1947,-0.5554913023116385,0.06405519262800424
1948,1.3906498807353638,0.2729582012485787
1949,-0.4274621291952024,-0.9215264137664166
1950,-0.3874386279388671,-0.25322413097922536
1951,-0.03371556926346718,0.8644940043695778
1952,-1.9319260726807443,0.3973174131939349
1953,-0.5676478784320691,-1.6392251085409593
1954,0.1835135870917714,0.527753025528056
1955,0.5361233427872697,0.7703197957699854
1956,-1.0046310991647558,-2.176764195775653
1957,0.7251302990177086,0.3822407275077007
1958,1.1086222016039449,1.5856894360067373
1959,-0.2582362222244733,1.5505218297779921
1960,2.1103417684918724,-0.13580764380645258
1961,-0.08217767273082481,1.6349142959543057
1962,-0.3544202724352805,0.2043743431896012
1963,0.4993203927350439,-0.10728677229825943
1964,-0.3878676924122244,-1.2124963515952945
1965,-0.7685165228282616,1.0966921301658863
1966,0.9319769323882212,-0.007002098109981694
1967,0.8031454706627469,-0.05947169854359562
1968,0.748416299011977,0.4559096173690267
1969,-1.0834022109431307,-0.11674045914831202
1970,-1.0036037455624172,-0.051394648565823486
1971,0.6928525044194743,1.6557079842586082
1972,-0.6244533148286071,-0.7392438590594447
1973,0.5362442204588037,1.438202801841548
1974,-0.13092644107976428,-0.8871861596284628
1975,0.5400634214281855,-0.35190551238023204
1976,-0.8964876960000162,0.4525936259305699
1977,0.1001833318640491,2.164138230809591
1978,0.28697373666076736,1.2269996419521925
1979,-1.1608999321040312,1.1754275892034285
1980,-0.2880811181804894,-0.39353234212863175
1981,-0.5788896197444263,0.6102955491970485
1982,-0.8301714227806839,-0.5513467457516483
1983,0.2473654229308722,0.0220617678245208
1984,0.9228929430553235,1.235663293916046
1985,-0.5406926740940686,1.3272983387609325
1986,-0.10216408129506616,-1.1001663091911091
1987,-1.7173263208094698,0.3993840504065834
1988,-1.4182187112606048,-0.2533149337227138
1989,0.5292998921028342,-0.013843085815323862
1990,0.2064992944489027,1.4099257211807308
1991,-1.9791348240612572,1.0441701365148954
1992,-1.708451817026636,0.28289763205189705
1993,-0.4705914372237274,0.0991975050893138
1994,-0.534107686313946,-0.7781500607843248
1995,-1.3633379277248157,-2.099442060546693
1996,0.9892047480762728,2.5465967014141144
1997,0.3967353166366825,-0.1751468129386798
1998,0.9180155022387728,0.1992497519587513
1999,-2.576151477813354,-0.7622141010308878
